format	v1
seed	digest_sha256	b98ed0b142e808d48b8521b0368fc011f6037702cb94a7206998bfe2f9e98dc8
seed	triple_count	120280
repo	awareness-graph	3fb6ca3b5458d5f88c5ec70085508b7b2f213d51
repo	services	3fb6ca3b5458d5f88c5ec70085508b7b2f213d51
tool	yaml2nt	missing
file	build_script	missing
file	namespace_registry	0248bb032bfa4ea304b9707af4ae89cf9c4dd7129c9fdbe8331c4f3265d38d70
file	allowed_dangling_refs	b098e772fb6fb6b6e3bc332439fd4ad7d38804b0f4fe378d455626ec414bbb24
tree	ag_awareness	activation_rules.yaml	96cd5c41eb02151afe25b68d3c0f2d391f74895e20c67426d7edf7ada1b8f86e
tree	ag_awareness	architectural_declarations.yaml	1252228f21954b26d1c4e868d2edcc5521db724ef479b2f803f7972e2800a03d
tree	ag_awareness	audit_suppressions.yaml	6188bc991a138503641b22da61a58c2cdd0e37f4e32c09438674492ab2c64cb9
tree	ag_awareness	authority_domains.yaml	1ebf35dd1e04c34b0ec7f2824069c5f0de803580afb60061e51362643402b8b0
tree	ag_awareness	authority_rules.yaml	abbf21254221e2a9f64466897c406ba53bbb5d57692ddfea6741425744ee840e
tree	ag_awareness	awareness_self_invariants.yaml	001ca45777c66821582a0c93008e0fc16b4179ba96861dd55f911738c5a04317
tree	ag_awareness	candidates/contract_unknown_contract_unknown_no_owner_keeps_bundled_os_debs_in_step_with.yaml	5005249ee59f6b521d854fba4805460353e45d42ce58d673b464865005b70299
tree	ag_awareness	candidates/contract_unknown_contract_unknown_nothing_re_renders_scylladb_seeds_after_the.yaml	270abc32ef8336c631be38c3be23ce92643fc089c6af31f2af63d2dbba14fcc1
tree	ag_awareness	candidates/implementation_pattern/candidate.implementation_pattern.ai_executor_service_guarded_mutation.yaml	4cd3d2e7beebf2d83d1052635a66a2cf2f5db10782adf9fc60c035d27f00dde7
tree	ag_awareness	candidates/implementation_pattern/candidate.implementation_pattern.ai_memory_service_guarded_mutation.yaml	a5956d6996747526ec6e628125c2836bc79e4b1d3cf98fc4f2b120ad306948cb
tree	ag_awareness	candidates/implementation_pattern/candidate.implementation_pattern.ai_router_service_guarded_mutation.yaml	a7521eac300d811db4657b786677df5741e1b4ca256ce74c7b4007d0e5143b66
tree	ag_awareness	candidates/implementation_pattern/candidate.implementation_pattern.ai_watcher_service_guarded_mutation.yaml	fb958a5c6a881ff9a2946a9e7099d9b2e7b54e0dc7bafe0a69cc6d87edd35545
tree	ag_awareness	candidates/implementation_pattern/candidate.implementation_pattern.authentication_service_guarded_mutation.yaml	9ddd0d3dcbc45dec08328e9418312d08e5d2e6dced8f4f33baf56974a3858551
tree	ag_awareness	candidates/implementation_pattern/candidate.implementation_pattern.backup_manager_service_guarded_mutation.yaml	e11ac4348c3b65b2010cc67881f07a8ce9c4a7c8e8494efdc42678f5c82e0fd0
tree	ag_awareness	candidates/implementation_pattern/candidate.implementation_pattern.behavioral_memory_service_guarded_mutation.yaml	b3d51a8e3a87e5ba754a66909fa65c94843bcc1cf56f9368e33f734a3b188cae
tree	ag_awareness	candidates/implementation_pattern/candidate.implementation_pattern.blog_service_guarded_mutation.yaml	b98b192f0507fd47a292129910d4be3ccd76b3da1e63ff8a6bcefaf8754e3b0c
tree	ag_awareness	candidates/implementation_pattern/candidate.implementation_pattern.catalog_service_guarded_mutation.yaml	8e77f28c4ee791333e1c38e3bf6adc9dd48dea6e08e6bdb729b0a6f1a1379055
tree	ag_awareness	candidates/implementation_pattern/candidate.implementation_pattern.cluster_controller_service_guarded_mutation.yaml	ba7ea522806963f377331fe5aedd4336c14bdb74004b0e6d6cd722fa40f651a1
tree	ag_awareness	candidates/implementation_pattern/candidate.implementation_pattern.cluster_doctor_service_guarded_mutation.yaml	bb5f466f40bd5e0f85fea5f591856cb14c33523729c15e58aa4ffd16c0857861
tree	ag_awareness	candidates/implementation_pattern/candidate.implementation_pattern.compute_runner_service_guarded_mutation.yaml	bda9730c656f8881b0243a8da961f814b31373c77800a1c66af8239980d2dab3
tree	ag_awareness	candidates/implementation_pattern/candidate.implementation_pattern.compute_service_guarded_mutation.yaml	2161162e2a367e955120c9ccbf142f810d43b0193d51eff31ae042b71d094f7e
tree	ag_awareness	candidates/implementation_pattern/candidate.implementation_pattern.conversation_service_guarded_mutation.yaml	f67b6b4468537596d7aaec582590859d201e6a07e05dc99f85f78e687476e292
tree	ag_awareness	candidates/implementation_pattern/candidate.implementation_pattern.dns_service_guarded_mutation.yaml	e34bd9cf9156351a4b408277e7bf3326c74114e8b2514a424aef21fe542c9c20
tree	ag_awareness	candidates/implementation_pattern/candidate.implementation_pattern.echo_service_guarded_mutation.yaml	d89209452472e0b5ccae258569eb3d247e4dd76825257e75e92892faf1b55a02
tree	ag_awareness	candidates/implementation_pattern/candidate.implementation_pattern.event_service_guarded_mutation.yaml	1856050559a0fbe6762da6ce2dee3a01db5eb5c8600bc8a093d2c98d52fc716f
tree	ag_awareness	candidates/implementation_pattern/candidate.implementation_pattern.file_service_guarded_mutation.yaml	c9c3f5a79d688b58ab2cb2758818f58c4788a9b39de3b2989a09c68710715a13
tree	ag_awareness	candidates/implementation_pattern/candidate.implementation_pattern.ldap_service_guarded_mutation.yaml	ecae1da96a5b209b42c7d62692d236da542e994f02c493565f0ffc9867e81ebe
tree	ag_awareness	candidates/implementation_pattern/candidate.implementation_pattern.log_service_guarded_mutation.yaml	bf29c6c5425b829c562aaef5a548c2663fd41063aa195771420d337777b6edb7
tree	ag_awareness	candidates/implementation_pattern/candidate.implementation_pattern.mail_service_guarded_mutation.yaml	03dc792328dbe8edd49a2df24eaeda88846d2e32046a96c807e727535abecf64
tree	ag_awareness	candidates/implementation_pattern/candidate.implementation_pattern.media_service_guarded_mutation.yaml	197ad197b0fe883d5cd40e80710e27b77c9ba9e50a0921d09b002fb4953e4b01
tree	ag_awareness	candidates/implementation_pattern/candidate.implementation_pattern.monitoring_service_guarded_mutation.yaml	4cd0d548ec40a455b5cf8a869e41d1b7780e7ed0c5dd7a4d50615593ce5b25c9
tree	ag_awareness	candidates/implementation_pattern/candidate.implementation_pattern.node_agent_execution_service_guarded_mutation.yaml	00805918c0d5d1a76bf73e8792b5fa37667efc4a518e7ad901b11110a40f4dbe
tree	ag_awareness	candidates/implementation_pattern/candidate.implementation_pattern.node_agent_service_guarded_mutation.yaml	cff1ab84f94b159402a0344cb745fd6b0aec7e65a2548f5a19f118e613629745
tree	ag_awareness	candidates/implementation_pattern/candidate.implementation_pattern.package_repository_guarded_mutation.yaml	d9fb40b001f129bb176c769cc1918007cfb9273194292c935a59273a50f47555
tree	ag_awareness	candidates/implementation_pattern/candidate.implementation_pattern.persistence_service_guarded_mutation.yaml	b01cbe31faff226238442645115c58a349c3ff1f6455365eed4e311e25d09d82
tree	ag_awareness	candidates/implementation_pattern/candidate.implementation_pattern.rbac_service_guarded_mutation.yaml	f601123ca76289ce833d9468050b61f6675c6f853e281a4e53daca85543aac35
tree	ag_awareness	candidates/implementation_pattern/candidate.implementation_pattern.resource_service_guarded_mutation.yaml	4d0367981474bffbbe279d014f547014481d33860aee4b32741539eafd68a719
tree	ag_awareness	candidates/implementation_pattern/candidate.implementation_pattern.search_service_guarded_mutation.yaml	815696f4344ed97eaa30781f498672e7c49b80dfabfcdfc4ae5606c77dd7823e
tree	ag_awareness	candidates/implementation_pattern/candidate.implementation_pattern.spc_service_guarded_mutation.yaml	bdf53298e65c82cb1e7d3a0045e208106d2ce9b27ebf0cefedc7285b515931a0
tree	ag_awareness	candidates/implementation_pattern/candidate.implementation_pattern.sql_service_guarded_mutation.yaml	f9ea7546d4dbe8718057a63cfaf61da9a2ba0b923de58f98acb3b5e38edb39e2
tree	ag_awareness	candidates/implementation_pattern/candidate.implementation_pattern.storage_service_guarded_mutation.yaml	f69f63164e04803f115cdec7ecd89b90269b94292a7a62c34f7b5d54c9b07d15
tree	ag_awareness	candidates/implementation_pattern/candidate.implementation_pattern.title_service_guarded_mutation.yaml	ef6d1b4ab375aecd0f4a331fdfaa22208509b1729de9a60f443a3ee1868f6738
tree	ag_awareness	candidates/implementation_pattern/candidate.implementation_pattern.torrent_service_read_only.yaml	1f468a3ad60a0fc302f9498795be438368bee29c71bf7d03302a308a9ffc382c
tree	ag_awareness	candidates/implementation_pattern/candidate.implementation_pattern.workflow_actor_service_guarded_mutation.yaml	cd5608c01e406f284367cb0e14f5a63112cde412f52ce676fa448f777f5a575b
tree	ag_awareness	candidates/implementation_pattern/candidate.implementation_pattern.workflow_service_guarded_mutation.yaml	b8c399caf8d851043827622fe548f2598bccd9213c10fd98032edab1b33a7f59
tree	ag_awareness	candidates/pattern_misuse/candidate.pattern_misuse.direct_storage_access.yaml	7483b34cdab664047f86ea4bbcae32d2126c672a81f05226566f6d3bb4ecfb81
tree	ag_awareness	candidates/proposals/failure_mode.failure_globular_a_defect_elsewhere_can_hold_a_chaos_asserti.yaml	126470b4cc2a237adc99b81562b65df64b259cb85027a2bb6d6dc551bf422ca0
tree	ag_awareness	candidates/proposals/failure_mode.failure_globular_alert_retire_condition_stricter_than_its_ra.yaml	8c968b34d0d47e9d2fc284622a747a48a5b77e400bbeded4b1395a82cd2079b1
tree	ag_awareness	candidates/proposals/failure_mode.failure_globular_clearing_a_block_record_without_re_driving.yaml	9aa9818d951e1f3218fd69dd8922339759efa972929cd65337e8fb9d211ff98a
tree	ag_awareness	candidates/proposals/failure_mode.failure_globular_convergence_stamp_copies_its_own_previous_o.yaml	d161333efbbbfea1ba8d7b30d5330e58c60ff44bede02e368b4e067a31c9131e
tree	ag_awareness	candidates/proposals/failure_mode.failure_globular_global_state_lock_held_across_etcd_i_o_in_t.yaml	6dfede527dde5777a23892dfdeb7558280474632558986bb57f3eb252f4c2b26
tree	ag_awareness	candidates/proposals/failure_mode.failure_globular_poisoned_build_identity_is_detected_but_nev.yaml	5c81ec35f83967b87c61a2950c4a3968c7a02b80db33ec29e31c62cfdfc6015a
tree	ag_awareness	candidates/proposals/invariant.invariant_globular_a_build_identity_mismatch_must_re_drive_a.yaml	a7c4943a1ade604521675cb3bef90afbdcb6ad37bc72e7d40ccdf0d8598b4449
tree	ag_awareness	candidates/proposals/invariant.invariant_globular_an_assertion_on_terminal_state_must_estab.yaml	d1e067bde20b6c2f61979b994990b45dd6d1aa4926425b5a3398a39028bc41f3
tree	ag_awareness	candidates/proposals/invariant.invariant_globular_an_observer_must_be_proven_able_to_see_th.yaml	6acc5bfc598c0fea92812726381acbf22264ebb55c6004966c2ccc6bd19212a6
tree	ag_awareness	candidates/proposals/invariant.invariant_globular_every_error_severity_finding_needs_a_gove.yaml	e3d2c77fcbd615a35837adb71143f10f4c1e391307dbe02b890f88445efbc0ba
tree	ag_awareness	candidates/proposals/invariant.invariant_globular_evidence_has_five_independent_seams_and_e.yaml	ab08f490f26002d9bc234af3d674ca4c9931f5e55e1b1aa16af746e365486a88
tree	ag_awareness	candidates/proposals/invariant.invariant_globular_observer_availability_is_a_prerequisite_f.yaml	01aa4628680acaeef94914433c01d82ed0978ee87e6710553e064e8ed72a8620
tree	ag_awareness	candidates/session_discovered_invariants.yaml	83ba7be3cfb8ed56be288f470d6db68bb9c49a3f3a1ac75570738c49804a8214
tree	ag_awareness	coherence_pipeline.yaml	eb87b33f226d79fd3e25fdb96b1c62f4cfe04c9822cf98b184f9d5f7d593a11e
tree	ag_awareness	context_aliases.yaml	3aac2fe9891f34d827cf28bad9d7b8039ee153be379a27b510c66baa80320f20
tree	ag_awareness	contracts/authority_contracts.yaml	4b761bc89fa9e56e5cb410c84b02f8ffcca587f8bb9c5281465a28b391c5c89d
tree	ag_awareness	contracts/service_contracts.yaml	69f79df34233df1b94ee2d21b004db227d6bb2630fddcd0663c8d17d2d3b202e
tree	ag_awareness	convergence_rules.yaml	fc400428448aec7632f8bd39ff1fa9342eb760ab7cd4b877715af6ed4a6ef2fe
tree	ag_awareness	decisions.yaml	1326d9a91f5cd88d839013e82ded573ef9b8bd2e79fb5e1e762885f8bd3b7d84
tree	ag_awareness	detector_mapping.yaml	a5b5f40f9eab3e0d4824f8f2071de0c682c895bbd3261955912a20eda5bc7d62
tree	ag_awareness	echo_service_invariants.yaml	e92900af73e0744ec91824963328521205b7c9b7534022d2cbda668fd118c09f
tree	ag_awareness	failure_modes.yaml	04a83cb16cf8a3dbc9a58bc3d03fe87cda2c15c9ef51b5c9b666343bf9f69eb3
tree	ag_awareness	failuregraph_seeds/ca_signing_no_proxy_no_etcd_fallback.yaml	d25ee761a5739670c0871abdeb08e47591070ff596b87df6f12835a93fee3590
tree	ag_awareness	failuregraph_seeds/dns_reconciler_publishes_vip_under_node_a_record.yaml	ff01fee83faf36e5deae8741741d419924dc3d65996e6ac5d790d552a0d43dd8
tree	ag_awareness	failuregraph_seeds/empty_store_result_deserialization.yaml	f05716e3258cd2a4bd59ce55b3d451313e81b37d7b9cd3fc17ea8701fa51e427
tree	ag_awareness	failuregraph_seeds/endpoint_identity_scope_violation.yaml	b91d18057ae3078023fe05f52a45dc435261b107d6f68f4276f77562e11f0675
tree	ag_awareness	failuregraph_seeds/gateway_join_bin_truncates_large_binary.yaml	c1c93a5895e57b59d83638589dd70b639a34dcfea753be7a9ca150ca5b4603f6
tree	ag_awareness	failuregraph_seeds/installed_state_build_id_missing.yaml	3d89035057b0673b0428f08502d173b79924b18016c006f5b2b37cefcfe2c035
tree	ag_awareness	failuregraph_seeds/legacy_authority_path_still_called.yaml	5a14b20879e4c31335d84aba1c1029a028962f4876a063b40aacb555ba2e8c44
tree	ag_awareness	failuregraph_seeds/repository_duplicate_build_number_collision.yaml	b24139830bdcc3f2c8a1d38eb40381f5b5d88939b76cdad80955eac16f9254ed
tree	ag_awareness	failuregraph_seeds/topology_gated_package_false_drift.yaml	88e8ba5d4377814923fcbe17fdd59d10e3e618b9a3ef7b4f8d8fa97b82f096b1
tree	ag_awareness	failuregraph_seeds/vip_identity_poisoning_cross_layer.yaml	08065bd7ed02c3cefbe51902dfe6858ba930e1f58bbd4bb195d36611e40a35c1
tree	ag_awareness	failuregraph_seeds/vip_transition_evicts_etcd_member.yaml	36497e0b28c852588bc629a57b6f42b741ace49bc4413d451f7a16738240a398
tree	ag_awareness	failuregraph_seeds/vip_used_as_member_endpoint.yaml	1c30f8804a7dc7e122a55de09a61b5dcc166e873d19baaa589fdf2af45729979
tree	ag_awareness	failuregraph_seeds/workflow_blocked_reason_unclassified.yaml	c2008a9ba20ddc0ddae3557b49b32b8789b7703784c0fc9cee813bd612b60e7a
tree	ag_awareness	failuregraph_seeds/workflow_resume_without_receipt.yaml	2dfc7e3e80dfaa042aa82b00ae52b7711059a9a78152ae2d5be851339d64168a
tree	ag_awareness	fix_cases.yaml	ee0a9b5d38a223b244e501690253842b5d729c3f158d3b2d2e60287e7b0cebde
tree	ag_awareness	forbidden_assumptions.yaml	df92477d63a8181f63dc1f035cfbbb8ae773bce93f908f36edbae41c2a2ec690
tree	ag_awareness	forbidden_fixes.yaml	3be6b01f9ef6c08df37f745c9281282935169f4d8c5a532f74115771379999d7
tree	ag_awareness	forbidden_fixes/package_identity_forbidden_fixes.yaml	497c42a2cdc3e77ba7df9c513e02c194610c924b8aaaa4c90ceebc352e7aadeb
tree	ag_awareness	frontend_invariants.yaml	37c76890f66b7de70031e516094610481e8cdcf3d96caca79e2e51c1cdf36b73
tree	ag_awareness	generated/awareness_graph_annotation_report.yaml	adad630526dfd6d96129db611938b375da775a4fad448d7c505d0546348e814e
tree	ag_awareness	generated/awareness_graph_code_edges.yaml	3b6ee39323e1a1d65cf20747eca74e131192270f4d7e3e8ad5e75191aab20c22
tree	ag_awareness	generated/awareness_graph_code_symbols.yaml	7f29ffaf0dd32f90b341cc010ee0e2fc3d97328057a1cf2cb603363c430b577a
tree	ag_awareness	generated/components.yaml	44d73853c5afda665f1568aa6831f36417aaa4fa4331bd13c4b3fcdb98ad46c8
tree	ag_awareness	generated/contract_consumption.yaml	c7dc7e9926808394894c1c6735bd9cddee6e93ec8a71124c61b0c5014d3a2bf7
tree	ag_awareness	generated/contracts.yaml	1b9115bcbb6e3076310d3a03efa46418e2d268d0ac9fcb26bba94576afe099a4
tree	ag_awareness	generated/echo_service_annotation_report.yaml	c29ff61fe9b64a419c2e578b9620ac5700522f9de20719c07527aeb5a3a0fb06
tree	ag_awareness	generated/echo_service_code_edges.yaml	d2fac370f5a21c08f02a2b597d50094c6e69370f02446605773f8ea494943405
tree	ag_awareness	generated/echo_service_code_symbols.yaml	1dbdefa9f396deda4ffda71ad7cf411b6cdff072f6a5cae724c7bbeb84d17ae8
tree	ag_awareness	generated/go_import_graph.yaml	e706e6fb76e80ad0b9282a963134e10a3d0788a3dfb894da48a89d8b6851eb9d
tree	ag_awareness	generated/http_contracts.yaml	60255af87d751974c84fcf52cfc5b80fbf29e23d8fbfdedf3ba9af3da7c8cdef
tree	ag_awareness	generated/package_awareness_contracts.yaml	78692ecf82ec69baddc1a930e39e8fb2936ca2cf3eea0a50ce55198e0c967309
tree	ag_awareness	generated/platform_ai_executor_annotation_report.yaml	00ba05d16ea77480dc2c883bccdc8cd2041caed548901a16e7e4d9b722d5815c
tree	ag_awareness	generated/platform_ai_executor_code_edges.yaml	67656a870c9b407b15a44390e6b6f343623920babcb28c847786fcc7b4e2242f
tree	ag_awareness	generated/platform_ai_executor_code_symbols.yaml	78a5cf12661b0e1d7842c1f162aef8e667a0d1ac5e537765a2d8c2dbbd1e7b79
tree	ag_awareness	generated/platform_ai_memory_annotation_report.yaml	fcf41d86ccb0bfab46bb5c15d49c4355327920db5bb6deef8ee53738cbe5e2e2
tree	ag_awareness	generated/platform_ai_memory_code_edges.yaml	743d558fae55313df68686be3690be0129187f1702624151b03060ae7470f983
tree	ag_awareness	generated/platform_ai_memory_code_symbols.yaml	81ae6f83b4a42acfd0ae3f17476c422346fffe532dadf89b6935e9f5153a20e9
tree	ag_awareness	generated/platform_ai_router_annotation_report.yaml	ec9f98e616ce1b032c07cf59f2f2a0e2bca7905da5422eb1c9b564a88da9f4f5
tree	ag_awareness	generated/platform_ai_router_code_edges.yaml	c91118b8a4ef802290ed8ecb83cb7bf4f524aea6b9d273b959b0809377913f04
tree	ag_awareness	generated/platform_ai_router_code_symbols.yaml	d2f54c4f982c0fba0f14d8204d70b935c373eed76864b843ab9af882f9c63e93
tree	ag_awareness	generated/platform_ai_watcher_annotation_report.yaml	a250004fcf25fa9028a8f4d6b63a31119c20d975cbc1dd662da1f50887500f07
tree	ag_awareness	generated/platform_ai_watcher_code_edges.yaml	263e9720bbc10780772bcda53ff4968b97246719c3357192ec9521f0aeae840c
tree	ag_awareness	generated/platform_ai_watcher_code_symbols.yaml	ed07c039bf3c8f3da3405d796a04be96ba17283508c03f44033a709437320155
tree	ag_awareness	generated/platform_attestation_annotation_report.yaml	58f39b3ade09b3c9b375f6dcb0416363ab736799e2ed5a013454eb043562cb09
tree	ag_awareness	generated/platform_attestation_code_edges.yaml	c527ea878da1ffad45a6c915cee79be3c8f8bbfe19ae8b2b2a39caf0c8786636
tree	ag_awareness	generated/platform_attestation_code_symbols.yaml	35d0455531c9a768627967b9e1424bc3d7cc5bce21bf3047b5b8614f7a435b61
tree	ag_awareness	generated/platform_audittrail_annotation_report.yaml	8fc26f817fd81550677ed492c5893d7531178f4ef5bd1ae9f5996ebdf39e9f1b
tree	ag_awareness	generated/platform_audittrail_code_edges.yaml	c527ea878da1ffad45a6c915cee79be3c8f8bbfe19ae8b2b2a39caf0c8786636
tree	ag_awareness	generated/platform_audittrail_code_symbols.yaml	7dc2e849b44baece779ea1761b97522886869fc5ccee06fbccf069a63d74e1df
tree	ag_awareness	generated/platform_authentication_annotation_report.yaml	07a52235119c2d1d17abb643d2acc05824b8a9b6ed2d5e1bd861b90a671e2460
tree	ag_awareness	generated/platform_authentication_code_edges.yaml	b337aadd434b97dcada4dd99612edd8ada9113a4ba1edf5d38305ac099731027
tree	ag_awareness	generated/platform_authentication_code_symbols.yaml	33af934098ff7ded59f7e5451cd880a13034e8c98ed67c4f0e1434305573c694
tree	ag_awareness	generated/platform_backup_annotation_report.yaml	88505c2a82a66c546e9be13d7cb3f5696ea0112800ac866d55a17ac7f3ed673b
tree	ag_awareness	generated/platform_backup_code_edges.yaml	558bc608532e5b2465a7004fd2ca84b5063a7c214b614815eef7c24c2b194d90
tree	ag_awareness	generated/platform_backup_code_symbols.yaml	d5ecb89dcd22fd2cc8488dadf9d5aebf8ac0093e73524ac4637cc71a74a80637
tree	ag_awareness	generated/platform_cluster_doctor_annotation_report.yaml	bec8e7bead1daa787429d138379fce9acc5cc01c6fc1abc4ff5a7b02d87ace50
tree	ag_awareness	generated/platform_cluster_doctor_code_edges.yaml	53863dab41ce31333bee6f9f81c4d0a94e14c2615793d4d851686c2f2c15b3cc
tree	ag_awareness	generated/platform_cluster_doctor_code_symbols.yaml	122b2016a78e8246928ea991dde07684bc9f09d3b48ba1cd6c13b24d20bfbe86
tree	ag_awareness	generated/platform_config_annotation_report.yaml	5527e24eb14ba9200842e08bdede7ca951d00e27240bb37d9e5501b7b2cb3e11
tree	ag_awareness	generated/platform_config_code_edges.yaml	eed0793e00434b38e7b354e03ccbd9c442868d9c5426b74a02fbb47dfd3d5c90
tree	ag_awareness	generated/platform_config_code_symbols.yaml	869291a3daab846e4246681d9b57e7f87866627c5160f30356b480a6bbe5f1b1
tree	ag_awareness	generated/platform_controller_annotation_report.yaml	64d27d149129dd09a687a8456499b65918bb460fd5e5d4fe4780bdf34a8462d1
tree	ag_awareness	generated/platform_controller_code_edges.yaml	8203127c135fcf6240383cd0ba5b4c77837da9c7276e35a77a7262c3001aaa5f
tree	ag_awareness	generated/platform_controller_code_symbols.yaml	05caae1b4db685cb7e67ddcf82754031dce6a39c94af0ef37f8a6ed286d1f01a
tree	ag_awareness	generated/platform_dependency_annotation_report.yaml	58f77a79c276a3158f52d841b01c63037ee391372d954e26e40a578fa36596cf
tree	ag_awareness	generated/platform_dependency_code_edges.yaml	c527ea878da1ffad45a6c915cee79be3c8f8bbfe19ae8b2b2a39caf0c8786636
tree	ag_awareness	generated/platform_dependency_code_symbols.yaml	9a44b4407138c3d49d65d8b61b1cd3ec439137dfb509620df1b446135268a712
tree	ag_awareness	generated/platform_dns_annotation_report.yaml	f6d62ce2e365d6912dbd9700a4bd52a730fa96bd2e9bff07a816c4ed51c90025
tree	ag_awareness	generated/platform_dns_code_edges.yaml	cd92dd519c6319c0fe46008e33079351e04233edca924fd8f99885e79291b182
tree	ag_awareness	generated/platform_dns_code_symbols.yaml	5f6c1b75ae7f03f808884bef85eedaf654759b87557d096a30f779c4423170ab
tree	ag_awareness	generated/platform_domain_annotation_report.yaml	cb63718766d4726ae5b19c5d506299722ca620076b837cc587ce1ecb9f2bab05
tree	ag_awareness	generated/platform_domain_code_edges.yaml	b8597391247d785e27fad41fa9608345b54ba283205be65e1737bb299a52ff07
tree	ag_awareness	generated/platform_domain_code_symbols.yaml	d8af1a296632237c1bfeb453418eb61e9fbd68c221b8cd0e107189ff555a0d24
tree	ag_awareness	generated/platform_event_annotation_report.yaml	1668418edda43a1f9766e2a29b2ddd3d61778119bf2d570a7b36897dd2b6b25c
tree	ag_awareness	generated/platform_event_code_edges.yaml	a0491ef5d96ad1ff0595258b7efb140dab955b6907917e1e14264e106cf86b89
tree	ag_awareness	generated/platform_event_code_symbols.yaml	d6990589c5888822bc46fc1bb4575817feb8e0a51ee265a02df71bc3457f5fe7
tree	ag_awareness	generated/platform_evidence_annotation_report.yaml	d95a90ecc78a8e1886f3ebb8f9bb48ddb426d4cc091920db0985f7bfa921a390
tree	ag_awareness	generated/platform_evidence_code_edges.yaml	c527ea878da1ffad45a6c915cee79be3c8f8bbfe19ae8b2b2a39caf0c8786636
tree	ag_awareness	generated/platform_evidence_code_symbols.yaml	67da837e1b6e1a2ad8ec8734ee27f69f9d5ba8d926150b615e93ee80f921a001
tree	ag_awareness	generated/platform_file_annotation_report.yaml	aee7b59f403c14397a837aa5c01f411d02a053b43fc599f095a8c5997f3ba623
tree	ag_awareness	generated/platform_file_code_edges.yaml	c527ea878da1ffad45a6c915cee79be3c8f8bbfe19ae8b2b2a39caf0c8786636
tree	ag_awareness	generated/platform_file_code_symbols.yaml	aa783b43df033cf1bc0d802829095c81428174d1c61cff408cbdcf69f2ea9ac2
tree	ag_awareness	generated/platform_globular_annotation_report.yaml	3834e21832cb932eff30366eaae0dfc69780abeaca7426ee93ee8b42d8362a10
tree	ag_awareness	generated/platform_globular_code_edges.yaml	c527ea878da1ffad45a6c915cee79be3c8f8bbfe19ae8b2b2a39caf0c8786636
tree	ag_awareness	generated/platform_globular_code_symbols.yaml	a57434d98d2210dca08a82438734e58c5212ffd9ee55b7d8302d9f6c3cfc912c
tree	ag_awareness	generated/platform_globularcli_annotation_report.yaml	25242b4fcbdc53c0bebe9a53cda80bc950d582f8146ca037042108431ee34cbe
tree	ag_awareness	generated/platform_globularcli_code_edges.yaml	e7b3638e43b08ed4bfae730e11325e9ee34ec431dd2df6711d42c7f77867780a
tree	ag_awareness	generated/platform_globularcli_code_symbols.yaml	421859da29fbb146e341bdbdbb64c832e6875f2fcea62c71ec89a47820f31f53
tree	ag_awareness	generated/platform_identity_annotation_report.yaml	851c7b4f310dafc44b041c434ac7e13ce53bc42e1ba075a203553f26c9b6f042
tree	ag_awareness	generated/platform_identity_code_edges.yaml	c527ea878da1ffad45a6c915cee79be3c8f8bbfe19ae8b2b2a39caf0c8786636
tree	ag_awareness	generated/platform_identity_code_symbols.yaml	1343b891aff4f735d6feb9af2e871208aa93fad01a970f9907763a71bb274601
tree	ag_awareness	generated/platform_installed_state_annotation_report.yaml	533b5da90fd6ae0c5cd64869c5145f78086b06e01f7d8caa2345bd0eae695d7f
tree	ag_awareness	generated/platform_installed_state_code_edges.yaml	03c4d306b41d27279a077dff375e9eab2f3fb0380145ec4950bd8dae41f4706c
tree	ag_awareness	generated/platform_installed_state_code_symbols.yaml	9a1332ea8ebd452ffcc97695833d47e1e454585a334a0ed73a391455b44dc798
tree	ag_awareness	generated/platform_interceptors_annotation_report.yaml	393bf2afe7857e3630948fb7e92759c2bfad4f1264e8e9aac5a9b86a5db2552e
tree	ag_awareness	generated/platform_interceptors_code_edges.yaml	7d2018d08695f29a5b78fa2859f2d7b8ab7161453cd08685a2ab203b93bf36c4
tree	ag_awareness	generated/platform_interceptors_code_symbols.yaml	c57b61ed881a9cc7689ab69d7713675b24f2192011a242645c3b420feafa619d
tree	ag_awareness	generated/platform_mcp_annotation_report.yaml	daf6ba15d54c10b138b33636037211ba87e763c4c254ebf9138a3b6eba8981ef
tree	ag_awareness	generated/platform_mcp_code_edges.yaml	984424fc69ae5983ebffab75349cc07c32a33340c9567c32a9d7288d3a95ed28
tree	ag_awareness	generated/platform_mcp_code_symbols.yaml	d133887b5248e447dc9ce3e4a8644aa0635500388c17ce4ed98d8d2f47efc71c
tree	ag_awareness	generated/platform_monitoring_annotation_report.yaml	03c06755ae63fc9d339e776b14e2b8b49e153caab13e6fada615afab81db4fcd
tree	ag_awareness	generated/platform_monitoring_code_edges.yaml	c527ea878da1ffad45a6c915cee79be3c8f8bbfe19ae8b2b2a39caf0c8786636
tree	ag_awareness	generated/platform_monitoring_code_symbols.yaml	9578e3f55800047410d63102d85bc50d5df8cb94ce8410d0099e624b2b49eee1
tree	ag_awareness	generated/platform_node_agent_annotation_report.yaml	4ee271e1f3f9e3bf3bc40ea02af167b566aa1c7d492f41f6525763f265c4a2ba
tree	ag_awareness	generated/platform_node_agent_code_edges.yaml	6ec8c9a0c7755660f68fb7a35bf3e850eb3bebd937225212f3758ad6d5febee6
tree	ag_awareness	generated/platform_node_agent_code_symbols.yaml	c51acaa137376a46dd36b678411f507814616d121af6b7542e3a992da810f6cb
tree	ag_awareness	generated/platform_pki_annotation_report.yaml	f78c678cdaac4b1c7ed394524910770b6021dcd954919f843b121c6ceff01a84
tree	ag_awareness	generated/platform_pki_code_edges.yaml	bd48e012223d64d3a0e91c9e2d266cad065178adad073335360c9bb9b42d49f1
tree	ag_awareness	generated/platform_pki_code_symbols.yaml	ec092385cd1b388403b37bbaf6593a6657d18e73df14a2bf82df111e673c18a8
tree	ag_awareness	generated/platform_rbac_annotation_report.yaml	d01ed1dbf78314c9dbaa96963a4868d4a7e258540ec53e36d60f3b152b8a3703
tree	ag_awareness	generated/platform_rbac_code_edges.yaml	35bb98e974088c2eaa44c4fd8fbe1c2f3bdddab5b8eded5f45b51ce63e85d2fd
tree	ag_awareness	generated/platform_rbac_code_symbols.yaml	632962b2a21b500a942b2f4c07df19ad8c22a05eeb55e0ad21ae173b7ba9e0b2
tree	ag_awareness	generated/platform_remediation_annotation_report.yaml	e2ae2cfd3b1399c8e69cd37616b51a864eb2e42af2808a512137dc3686ec5e2f
tree	ag_awareness	generated/platform_remediation_code_edges.yaml	c527ea878da1ffad45a6c915cee79be3c8f8bbfe19ae8b2b2a39caf0c8786636
tree	ag_awareness	generated/platform_remediation_code_symbols.yaml	9d46cd3b1c95fb2efa0d17d71d41ced23bd588e8a89aeb9f270b75ffd9608591
tree	ag_awareness	generated/platform_repository_annotation_report.yaml	f85940a65311aeeab2064f9d17fb41733dbd5a61de36df47444f08d129afedf4
tree	ag_awareness	generated/platform_repository_code_edges.yaml	d1879d02d49bcf2ff779b6f67c6df4d022c3017f7c15c81615bf964605ed717f
tree	ag_awareness	generated/platform_repository_code_symbols.yaml	338862741779d5d3ba99c5c8af00e106332656bb72401ccf25849f4213c23c9b
tree	ag_awareness	generated/platform_search_annotation_report.yaml	d537c51e96af70c3239117513a0654cb33a0ef2f43cb9658c3e40bb5a3c26ba7
tree	ag_awareness	generated/platform_search_code_edges.yaml	c527ea878da1ffad45a6c915cee79be3c8f8bbfe19ae8b2b2a39caf0c8786636
tree	ag_awareness	generated/platform_search_code_symbols.yaml	502fe0ed91f0ca13bca678394bed13c1e9c235d66da7af7d89149b40b71e6a9e
tree	ag_awareness	generated/platform_security_annotation_report.yaml	dec0445df69db75ba3258b690bd12c77c5d6de93aa14cee8a44be6b50d1b238f
tree	ag_awareness	generated/platform_security_code_edges.yaml	de932d2f7facd49fed1fb03551c04be91ef04f2fc3fa2059df7a1599086e8165
tree	ag_awareness	generated/platform_security_code_symbols.yaml	bec57bddd2b49c9ae7f3701127f2ca939bc8f3b76dbe95d36b5010f56844d085
tree	ag_awareness	generated/platform_storage_annotation_report.yaml	a44bbd5cae9a6b466e407da4696d1e69db74d829fabfd18fafc64925f3bb4ba8
tree	ag_awareness	generated/platform_storage_code_edges.yaml	c527ea878da1ffad45a6c915cee79be3c8f8bbfe19ae8b2b2a39caf0c8786636
tree	ag_awareness	generated/platform_storage_code_symbols.yaml	b4f5e32b23028995c12a6536e63cd7a0fa055584d5a9b4be0562e9a202c13595
tree	ag_awareness	generated/platform_torrent_annotation_report.yaml	001fff01b56ee45b734814df1327cdaa71a2f01590c959abd63a7398a32d1df7
tree	ag_awareness	generated/platform_torrent_code_edges.yaml	410ac4f43601a16bc36cd6cdf1b2d501d54bb8f003a9e60bd919a5d158f0e5ab
tree	ag_awareness	generated/platform_torrent_code_symbols.yaml	f306cf7fb68aea0763965050ed104586392906aaa8791ddfffad83b8675cba90
tree	ag_awareness	generated/platform_verifier_annotation_report.yaml	fca88b9fa6ae60a7cc4f2e2177553390732db5e090deb40ae11a24bc8403fbb3
tree	ag_awareness	generated/platform_verifier_code_edges.yaml	510a40c204dc7bdef208ef6d16a0e19049defb853cadeb8bf62a76bffc1b2b24
tree	ag_awareness	generated/platform_verifier_code_symbols.yaml	75d0bb9b24a3ed908f4263480c6affecea2cda0390fa8446c5706f5236d6467e
tree	ag_awareness	generated/platform_workflow_annotation_report.yaml	70ba407ff15812e38b6158bf7ca007821d4837bccbed4140378bf8561f5011aa
tree	ag_awareness	generated/platform_workflow_code_edges.yaml	bc233670e32a1aa79e75717b70d3d2bcd35e19030e58f0554387ad61a3742aa6
tree	ag_awareness	generated/platform_workflow_code_symbols.yaml	50b7290a832d791bdac82e8dad59fc55a06ba86122d55e7cc6127b360653c578
tree	ag_awareness	generated/python_import_graph.yaml	ea55f9ad43a7f7b5d6e8c8bc04f9c3da952ecfccf760ed2c18d1275a48998c43
tree	ag_awareness	generated/rust_import_graph.yaml	bdb37ed4c6ad1fa31d41e0b077648e5427a186570085b142ba4449e8cef72235
tree	ag_awareness	generated/source_edges.yaml	d63c547d2dc1168a04218cc6888318f1c4918e30e82d5152ef10efb3e4a50086
tree	ag_awareness	generated/source_symbols.yaml	257f07996b1cb0856205f8bf82ea6b27566828cab5f559efe8bd045621134b6b
tree	ag_awareness	generated/tests.yaml	e3dd28f6c494f99336dfe73d25a5ceebb746a7edf2b154c3e7ce4cdd4e81b4c2
tree	ag_awareness	generated/typescript_import_graph.yaml	d23fd682cfc9d30524491524182c51bbb5ce29547ffb5f64afc0edbc7683330e
tree	ag_awareness	generated/web_client_annotation_report.yaml	ffafeddd6eaf1e0a725311ffaa7fa93934fe0e0cde37d1aa9e95e58be12e89d8
tree	ag_awareness	generated/web_client_code_edges.yaml	90f7d52ebab77472957862379b5a41ae91383955c23cd96d10b18af54e93cc9d
tree	ag_awareness	generated/web_client_code_symbols.yaml	34e0900b906d66fd156602091cda95866c87de0ea26a0fc10ac543ce36b75ab4
tree	ag_awareness	guardrails.yaml	0d17531434d311871fa433835a4057cd8f0903a984a56b6fab6b2199594cbc0d
tree	ag_awareness	high_risk_files.yaml	5ae86e0c9f62dd2ce6b4f8c7acdac3b3a2b2615cdebf26d8b838de164bcef2e2
tree	ag_awareness	implementation_patterns/doctor_rule_diagnostic_only.yaml	d063a44b7b63e1faeaede91d39876bd198fee4758b28a90f5bbb2c2b599dc5eb
tree	ag_awareness	implementation_patterns/grpc_client_standard.yaml	24391510271c9f21f8e03649a1eef267691e541d6777c4111d8f7c5aee0f640b
tree	ag_awareness	implementation_patterns/rbac_explicit_deny_precedence.yaml	be6040a3700a0bff20cec8b70fde3ed83519a573626f2ecae7d7e26957fa2eb6
tree	ag_awareness	implementation_patterns/remediation_via_workflow.yaml	0716d74cc3bcb5a85489961336f12db91972191e31aad81924574dfebeacd1aa
tree	ag_awareness	implementation_patterns/repository_metadata_authority.yaml	1bb2ac5505a819ecf0351115223d926b7f77eedde9f80c9abc6a8bf4af6d3f8d
tree	ag_awareness	implementation_patterns/workflow_durable_step_receipt.yaml	396fe104f9face1577261a45e936d3bee0fd65da6fd4d4eee2e4c3f1d5ee4af9
tree	ag_awareness	incident_patterns.yaml	aaade3f97ce0a72a83b83dd0edd6c8ba08bad6568c43c6fb0c3cbd20b51923f7
tree	ag_awareness	incidents/INC-2026-0001-annotation-validator-false-positives.yaml	ad7fad69998bdf14505af63975d0e4351e70049c789b2d9ed5fe22131b3bc32c
tree	ag_awareness	incidents/INC-2026-0001.yaml	ad7fad69998bdf14505af63975d0e4351e70049c789b2d9ed5fe22131b3bc32c
tree	ag_awareness	incidents/INC-2026-0002.yaml	78a7944c7b488dbe5c32579daf31cdac156c5f67ef882e298049faf60a282c7e
tree	ag_awareness	incidents/INC-2026-0003.yaml	f57a2373cbc8115d231b439be1a11f171462664d1004d34a7a23b819b88cb970
tree	ag_awareness	incidents/INC-2026-0004.yaml	d4d2f161019d1b710bd8d8ed7313894f5e49c22c30a5d098904fb3070814670f
tree	ag_awareness	invariants.yaml	26bae40f344034d66a755670eeca23136c57692bf18c15b248756e6a0cd4b734
tree	ag_awareness	knowledge/agent_playbooks.yaml	3a424d032035ef56ab3353bd0dbffab4f0c193d9aa775e6f4921575f43ad256b
tree	ag_awareness	knowledge/causal_rules.yaml	066d1683f6f77795e7ba4fe041cd81a909b0936a76c5f6a647b85710b36da617
tree	ag_awareness	knowledge/decision_rules.yaml	e00fb2c714185f7351a021f03bcf7ba8dada8a71072cc5678d92c4d6e5c0ab3a
tree	ag_awareness	knowledge/dns_zones.yaml	0d4f58539fa26dabf74fc6ba8ad80b15e43642e7aa212ac05ae0e50c6e362f93
tree	ag_awareness	knowledge/metric_queries.yaml	c8ce1285b1e2db50dde6addc82526ff45270651a2af16049046b95941e52d19c
tree	ag_awareness	knowledge/metric_thresholds.yaml	4e01e75a8d5a0731a4878f35ecfa45ec402cf81d0fab04834a5a7c71986ded2d
tree	ag_awareness	knowledge/path_weights.yaml	2dc4fa05f8eaaf96aee7692173c79a6bafe727f54f70fa937bda26762b98c24c
tree	ag_awareness	knowledge/scan_allowlist.yaml	d33f9e099a9d3a68f865d776748e545f3daeca2b819e52c8bf4505798e0fa3e6
tree	ag_awareness	meta_principle_coverage.yaml	09566debc281449b6a4758974706e2e921bc7e7cdd56f898839382a240119e83
tree	ag_awareness	meta_principles.yaml	0c819e48fbff6d452a9024da569e33b3192a352ae4cf86107c6b217f2d09d2a3
tree	ag_awareness	namespaces.yaml	0248bb032bfa4ea304b9707af4ae89cf9c4dd7129c9fdbe8331c4f3265d38d70
tree	ag_awareness	outcomes/inc-2026-0017-wave-blocked-retry.yaml	806fa192fd48e3a0e4a380e9e932e22df698c71d9e158fef746cd30decf6e29d
tree	ag_awareness	outcomes/inc-dell-join-ai-watcher-stuck.yaml	e62e3b408c2a7163f35cbf740298afae623fffa9b275363600a0300da792e843
tree	ag_awareness	outcomes/inc-repository-blob-locality-multinode.yaml	e2cb6fcb2a6ee038bd5a8b6a5356ddeb3b3aeefeadaebc85329461035f4caf7c
tree	ag_awareness	outcomes/remediation-hard-blocked-etcd-delete.yaml	15201ca7e30925a88a66e01cc37df1bae90d57e62d3b0f01fb96596b5abdb7ba
tree	ag_awareness	package_identity_invariants.yaml	0dbfc5344405d0aa551678b3ef40461a597752f80116a3b34922b38345cf9215
tree	ag_awareness	preflight_questions.yaml	c73934db4034b2867392fe8a2babb98d961ab888326e9b1d081d08621ad696b4
tree	ag_awareness	relation_targets.yaml	2b473ed488b95b6658ce19578060cd1e67181ac1455e17281769d0f181a8f8f0
tree	ag_awareness	remediation_contracts.yaml	11653b51aab10a6c5741c6f8ea210fd07f11db5c8055fe49ff4c49c602b42266
tree	ag_awareness	repair_plans/declare_hosted_services_and_regenerate_xds_routes.yaml	f43c9ca67dc13f26d11853cb83a961f7a079c8dee540de37e31541142b813d84
tree	ag_awareness	repair_plans/doctor_finding_requires_remediation.yaml	8eb635d0f6b499bccf050680709d689993aa55a7cc6cf8055da8d6d3d5bb5c11
tree	ag_awareness	repair_plans/rbac_permission_regression.yaml	dbdba59c8ca18904d8d76a5b5a5e3990d3f0c72c75857b4d86afa22589b64e7e
tree	ag_awareness	repair_plans/recover_stuck_behavioral_schema_migration.yaml	f4d6952237d4c1f35b9f18d165b938ba44e1122bc2b0cdfd6095211748928c69
tree	ag_awareness	repair_plans/repository_artifact_lifecycle_stuck.yaml	0d15e1145cc3da6b778a927e7cf378e4474381e5b53aff221201df4339eedf31
tree	ag_awareness	repair_plans/runtime_evidence_stale_or_conflicting.yaml	d7270bde2a9a8f57bb0d1c975491995189379a6d2823de07e7b30d880b0ecde0
tree	ag_awareness	repair_plans/workflow_resume_blocked_step.yaml	a726382d958183924ae746e66acba36edf3ed35f989da1691e48fad45a7f9c27
tree	ag_awareness	repository_artifact_authority_invariants.yaml	a3800337929350b3c2497fac260a0965f8b8ad4bc3a9c9e58ab81d3a9bdc14d0
tree	ag_awareness	required_tests.yaml	2c43860c2396e41c4c809152081062714e4bfd4ec7afe82592ba5cc8e06041e1
tree	ag_awareness	required_tests_dogfood.yaml	6800eebb519415290f8f091ce05877b0c2552403ecd9e322d05c9edab514efde
tree	ag_awareness	runtime_evidence.yaml	c1e275e308aa59c9ecbd635ed0273614141cd18c683f205440c8a875abf39f63
tree	ag_awareness	services.yaml	8cacf2e892df99819a375a5e6d83ee1f74b85f02c0531f4548d1fd935e88ba07
tree	ag_awareness	status_tracker.yaml	e57b8fb647ff3665311817c385e7b501e394b9d6ec3a70c558f77060c0841216
tree	ag_awareness	subsystem_boundaries.yaml	e146c4c8183deef201e85f90dcd5b0244b8a7205645cf9497d1cb58b834ea51d
tree	ag_awareness	typescript_client_invariants.yaml	9b58c795c317d56391c47c8d28871981b3c7e498a349aefd68d5881e116efcb7
tree	ag_generated	awareness_graph_annotation_report.yaml	adad630526dfd6d96129db611938b375da775a4fad448d7c505d0546348e814e
tree	ag_generated	awareness_graph_code_edges.yaml	3b6ee39323e1a1d65cf20747eca74e131192270f4d7e3e8ad5e75191aab20c22
tree	ag_generated	awareness_graph_code_symbols.yaml	7f29ffaf0dd32f90b341cc010ee0e2fc3d97328057a1cf2cb603363c430b577a
tree	ag_generated	components.yaml	44d73853c5afda665f1568aa6831f36417aaa4fa4331bd13c4b3fcdb98ad46c8
tree	ag_generated	contract_consumption.yaml	c7dc7e9926808394894c1c6735bd9cddee6e93ec8a71124c61b0c5014d3a2bf7
tree	ag_generated	contracts.yaml	1b9115bcbb6e3076310d3a03efa46418e2d268d0ac9fcb26bba94576afe099a4
tree	ag_generated	echo_service_annotation_report.yaml	c29ff61fe9b64a419c2e578b9620ac5700522f9de20719c07527aeb5a3a0fb06
tree	ag_generated	echo_service_code_edges.yaml	d2fac370f5a21c08f02a2b597d50094c6e69370f02446605773f8ea494943405
tree	ag_generated	echo_service_code_symbols.yaml	1dbdefa9f396deda4ffda71ad7cf411b6cdff072f6a5cae724c7bbeb84d17ae8
tree	ag_generated	go_import_graph.yaml	e706e6fb76e80ad0b9282a963134e10a3d0788a3dfb894da48a89d8b6851eb9d
tree	ag_generated	http_contracts.yaml	60255af87d751974c84fcf52cfc5b80fbf29e23d8fbfdedf3ba9af3da7c8cdef
tree	ag_generated	package_awareness_contracts.yaml	78692ecf82ec69baddc1a930e39e8fb2936ca2cf3eea0a50ce55198e0c967309
tree	ag_generated	platform_ai_executor_annotation_report.yaml	00ba05d16ea77480dc2c883bccdc8cd2041caed548901a16e7e4d9b722d5815c
tree	ag_generated	platform_ai_executor_code_edges.yaml	67656a870c9b407b15a44390e6b6f343623920babcb28c847786fcc7b4e2242f
tree	ag_generated	platform_ai_executor_code_symbols.yaml	78a5cf12661b0e1d7842c1f162aef8e667a0d1ac5e537765a2d8c2dbbd1e7b79
tree	ag_generated	platform_ai_memory_annotation_report.yaml	fcf41d86ccb0bfab46bb5c15d49c4355327920db5bb6deef8ee53738cbe5e2e2
tree	ag_generated	platform_ai_memory_code_edges.yaml	743d558fae55313df68686be3690be0129187f1702624151b03060ae7470f983
tree	ag_generated	platform_ai_memory_code_symbols.yaml	81ae6f83b4a42acfd0ae3f17476c422346fffe532dadf89b6935e9f5153a20e9
tree	ag_generated	platform_ai_router_annotation_report.yaml	ec9f98e616ce1b032c07cf59f2f2a0e2bca7905da5422eb1c9b564a88da9f4f5
tree	ag_generated	platform_ai_router_code_edges.yaml	c91118b8a4ef802290ed8ecb83cb7bf4f524aea6b9d273b959b0809377913f04
tree	ag_generated	platform_ai_router_code_symbols.yaml	d2f54c4f982c0fba0f14d8204d70b935c373eed76864b843ab9af882f9c63e93
tree	ag_generated	platform_ai_watcher_annotation_report.yaml	a250004fcf25fa9028a8f4d6b63a31119c20d975cbc1dd662da1f50887500f07
tree	ag_generated	platform_ai_watcher_code_edges.yaml	263e9720bbc10780772bcda53ff4968b97246719c3357192ec9521f0aeae840c
tree	ag_generated	platform_ai_watcher_code_symbols.yaml	ed07c039bf3c8f3da3405d796a04be96ba17283508c03f44033a709437320155
tree	ag_generated	platform_attestation_annotation_report.yaml	58f39b3ade09b3c9b375f6dcb0416363ab736799e2ed5a013454eb043562cb09
tree	ag_generated	platform_attestation_code_edges.yaml	c527ea878da1ffad45a6c915cee79be3c8f8bbfe19ae8b2b2a39caf0c8786636
tree	ag_generated	platform_attestation_code_symbols.yaml	35d0455531c9a768627967b9e1424bc3d7cc5bce21bf3047b5b8614f7a435b61
tree	ag_generated	platform_audittrail_annotation_report.yaml	8fc26f817fd81550677ed492c5893d7531178f4ef5bd1ae9f5996ebdf39e9f1b
tree	ag_generated	platform_audittrail_code_edges.yaml	c527ea878da1ffad45a6c915cee79be3c8f8bbfe19ae8b2b2a39caf0c8786636
tree	ag_generated	platform_audittrail_code_symbols.yaml	7dc2e849b44baece779ea1761b97522886869fc5ccee06fbccf069a63d74e1df
tree	ag_generated	platform_authentication_annotation_report.yaml	07a52235119c2d1d17abb643d2acc05824b8a9b6ed2d5e1bd861b90a671e2460
tree	ag_generated	platform_authentication_code_edges.yaml	b337aadd434b97dcada4dd99612edd8ada9113a4ba1edf5d38305ac099731027
tree	ag_generated	platform_authentication_code_symbols.yaml	33af934098ff7ded59f7e5451cd880a13034e8c98ed67c4f0e1434305573c694
tree	ag_generated	platform_backup_annotation_report.yaml	88505c2a82a66c546e9be13d7cb3f5696ea0112800ac866d55a17ac7f3ed673b
tree	ag_generated	platform_backup_code_edges.yaml	558bc608532e5b2465a7004fd2ca84b5063a7c214b614815eef7c24c2b194d90
tree	ag_generated	platform_backup_code_symbols.yaml	d5ecb89dcd22fd2cc8488dadf9d5aebf8ac0093e73524ac4637cc71a74a80637
tree	ag_generated	platform_cluster_doctor_annotation_report.yaml	bec8e7bead1daa787429d138379fce9acc5cc01c6fc1abc4ff5a7b02d87ace50
tree	ag_generated	platform_cluster_doctor_code_edges.yaml	53863dab41ce31333bee6f9f81c4d0a94e14c2615793d4d851686c2f2c15b3cc
tree	ag_generated	platform_cluster_doctor_code_symbols.yaml	122b2016a78e8246928ea991dde07684bc9f09d3b48ba1cd6c13b24d20bfbe86
tree	ag_generated	platform_config_annotation_report.yaml	5527e24eb14ba9200842e08bdede7ca951d00e27240bb37d9e5501b7b2cb3e11
tree	ag_generated	platform_config_code_edges.yaml	eed0793e00434b38e7b354e03ccbd9c442868d9c5426b74a02fbb47dfd3d5c90
tree	ag_generated	platform_config_code_symbols.yaml	869291a3daab846e4246681d9b57e7f87866627c5160f30356b480a6bbe5f1b1
tree	ag_generated	platform_controller_annotation_report.yaml	64d27d149129dd09a687a8456499b65918bb460fd5e5d4fe4780bdf34a8462d1
tree	ag_generated	platform_controller_code_edges.yaml	8203127c135fcf6240383cd0ba5b4c77837da9c7276e35a77a7262c3001aaa5f
tree	ag_generated	platform_controller_code_symbols.yaml	05caae1b4db685cb7e67ddcf82754031dce6a39c94af0ef37f8a6ed286d1f01a
tree	ag_generated	platform_dependency_annotation_report.yaml	58f77a79c276a3158f52d841b01c63037ee391372d954e26e40a578fa36596cf
tree	ag_generated	platform_dependency_code_edges.yaml	c527ea878da1ffad45a6c915cee79be3c8f8bbfe19ae8b2b2a39caf0c8786636
tree	ag_generated	platform_dependency_code_symbols.yaml	9a44b4407138c3d49d65d8b61b1cd3ec439137dfb509620df1b446135268a712
tree	ag_generated	platform_dns_annotation_report.yaml	f6d62ce2e365d6912dbd9700a4bd52a730fa96bd2e9bff07a816c4ed51c90025
tree	ag_generated	platform_dns_code_edges.yaml	cd92dd519c6319c0fe46008e33079351e04233edca924fd8f99885e79291b182
tree	ag_generated	platform_dns_code_symbols.yaml	5f6c1b75ae7f03f808884bef85eedaf654759b87557d096a30f779c4423170ab
tree	ag_generated	platform_domain_annotation_report.yaml	cb63718766d4726ae5b19c5d506299722ca620076b837cc587ce1ecb9f2bab05
tree	ag_generated	platform_domain_code_edges.yaml	b8597391247d785e27fad41fa9608345b54ba283205be65e1737bb299a52ff07
tree	ag_generated	platform_domain_code_symbols.yaml	d8af1a296632237c1bfeb453418eb61e9fbd68c221b8cd0e107189ff555a0d24
tree	ag_generated	platform_event_annotation_report.yaml	1668418edda43a1f9766e2a29b2ddd3d61778119bf2d570a7b36897dd2b6b25c
tree	ag_generated	platform_event_code_edges.yaml	a0491ef5d96ad1ff0595258b7efb140dab955b6907917e1e14264e106cf86b89
tree	ag_generated	platform_event_code_symbols.yaml	d6990589c5888822bc46fc1bb4575817feb8e0a51ee265a02df71bc3457f5fe7
tree	ag_generated	platform_evidence_annotation_report.yaml	d95a90ecc78a8e1886f3ebb8f9bb48ddb426d4cc091920db0985f7bfa921a390
tree	ag_generated	platform_evidence_code_edges.yaml	c527ea878da1ffad45a6c915cee79be3c8f8bbfe19ae8b2b2a39caf0c8786636
tree	ag_generated	platform_evidence_code_symbols.yaml	67da837e1b6e1a2ad8ec8734ee27f69f9d5ba8d926150b615e93ee80f921a001
tree	ag_generated	platform_file_annotation_report.yaml	aee7b59f403c14397a837aa5c01f411d02a053b43fc599f095a8c5997f3ba623
tree	ag_generated	platform_file_code_edges.yaml	c527ea878da1ffad45a6c915cee79be3c8f8bbfe19ae8b2b2a39caf0c8786636
tree	ag_generated	platform_file_code_symbols.yaml	aa783b43df033cf1bc0d802829095c81428174d1c61cff408cbdcf69f2ea9ac2
tree	ag_generated	platform_globular_annotation_report.yaml	3834e21832cb932eff30366eaae0dfc69780abeaca7426ee93ee8b42d8362a10
tree	ag_generated	platform_globular_code_edges.yaml	c527ea878da1ffad45a6c915cee79be3c8f8bbfe19ae8b2b2a39caf0c8786636
tree	ag_generated	platform_globular_code_symbols.yaml	a57434d98d2210dca08a82438734e58c5212ffd9ee55b7d8302d9f6c3cfc912c
tree	ag_generated	platform_globularcli_annotation_report.yaml	25242b4fcbdc53c0bebe9a53cda80bc950d582f8146ca037042108431ee34cbe
tree	ag_generated	platform_globularcli_code_edges.yaml	e7b3638e43b08ed4bfae730e11325e9ee34ec431dd2df6711d42c7f77867780a
tree	ag_generated	platform_globularcli_code_symbols.yaml	421859da29fbb146e341bdbdbb64c832e6875f2fcea62c71ec89a47820f31f53
tree	ag_generated	platform_identity_annotation_report.yaml	851c7b4f310dafc44b041c434ac7e13ce53bc42e1ba075a203553f26c9b6f042
tree	ag_generated	platform_identity_code_edges.yaml	c527ea878da1ffad45a6c915cee79be3c8f8bbfe19ae8b2b2a39caf0c8786636
tree	ag_generated	platform_identity_code_symbols.yaml	1343b891aff4f735d6feb9af2e871208aa93fad01a970f9907763a71bb274601
tree	ag_generated	platform_installed_state_annotation_report.yaml	533b5da90fd6ae0c5cd64869c5145f78086b06e01f7d8caa2345bd0eae695d7f
tree	ag_generated	platform_installed_state_code_edges.yaml	03c4d306b41d27279a077dff375e9eab2f3fb0380145ec4950bd8dae41f4706c
tree	ag_generated	platform_installed_state_code_symbols.yaml	9a1332ea8ebd452ffcc97695833d47e1e454585a334a0ed73a391455b44dc798
tree	ag_generated	platform_interceptors_annotation_report.yaml	393bf2afe7857e3630948fb7e92759c2bfad4f1264e8e9aac5a9b86a5db2552e
tree	ag_generated	platform_interceptors_code_edges.yaml	7d2018d08695f29a5b78fa2859f2d7b8ab7161453cd08685a2ab203b93bf36c4
tree	ag_generated	platform_interceptors_code_symbols.yaml	c57b61ed881a9cc7689ab69d7713675b24f2192011a242645c3b420feafa619d
tree	ag_generated	platform_mcp_annotation_report.yaml	daf6ba15d54c10b138b33636037211ba87e763c4c254ebf9138a3b6eba8981ef
tree	ag_generated	platform_mcp_code_edges.yaml	984424fc69ae5983ebffab75349cc07c32a33340c9567c32a9d7288d3a95ed28
tree	ag_generated	platform_mcp_code_symbols.yaml	d133887b5248e447dc9ce3e4a8644aa0635500388c17ce4ed98d8d2f47efc71c
tree	ag_generated	platform_monitoring_annotation_report.yaml	03c06755ae63fc9d339e776b14e2b8b49e153caab13e6fada615afab81db4fcd
tree	ag_generated	platform_monitoring_code_edges.yaml	c527ea878da1ffad45a6c915cee79be3c8f8bbfe19ae8b2b2a39caf0c8786636
tree	ag_generated	platform_monitoring_code_symbols.yaml	9578e3f55800047410d63102d85bc50d5df8cb94ce8410d0099e624b2b49eee1
tree	ag_generated	platform_node_agent_annotation_report.yaml	4ee271e1f3f9e3bf3bc40ea02af167b566aa1c7d492f41f6525763f265c4a2ba
tree	ag_generated	platform_node_agent_code_edges.yaml	6ec8c9a0c7755660f68fb7a35bf3e850eb3bebd937225212f3758ad6d5febee6
tree	ag_generated	platform_node_agent_code_symbols.yaml	c51acaa137376a46dd36b678411f507814616d121af6b7542e3a992da810f6cb
tree	ag_generated	platform_pki_annotation_report.yaml	f78c678cdaac4b1c7ed394524910770b6021dcd954919f843b121c6ceff01a84
tree	ag_generated	platform_pki_code_edges.yaml	bd48e012223d64d3a0e91c9e2d266cad065178adad073335360c9bb9b42d49f1
tree	ag_generated	platform_pki_code_symbols.yaml	ec092385cd1b388403b37bbaf6593a6657d18e73df14a2bf82df111e673c18a8
tree	ag_generated	platform_rbac_annotation_report.yaml	d01ed1dbf78314c9dbaa96963a4868d4a7e258540ec53e36d60f3b152b8a3703
tree	ag_generated	platform_rbac_code_edges.yaml	35bb98e974088c2eaa44c4fd8fbe1c2f3bdddab5b8eded5f45b51ce63e85d2fd
tree	ag_generated	platform_rbac_code_symbols.yaml	632962b2a21b500a942b2f4c07df19ad8c22a05eeb55e0ad21ae173b7ba9e0b2
tree	ag_generated	platform_remediation_annotation_report.yaml	e2ae2cfd3b1399c8e69cd37616b51a864eb2e42af2808a512137dc3686ec5e2f
tree	ag_generated	platform_remediation_code_edges.yaml	c527ea878da1ffad45a6c915cee79be3c8f8bbfe19ae8b2b2a39caf0c8786636
tree	ag_generated	platform_remediation_code_symbols.yaml	9d46cd3b1c95fb2efa0d17d71d41ced23bd588e8a89aeb9f270b75ffd9608591
tree	ag_generated	platform_repository_annotation_report.yaml	f85940a65311aeeab2064f9d17fb41733dbd5a61de36df47444f08d129afedf4
tree	ag_generated	platform_repository_code_edges.yaml	d1879d02d49bcf2ff779b6f67c6df4d022c3017f7c15c81615bf964605ed717f
tree	ag_generated	platform_repository_code_symbols.yaml	338862741779d5d3ba99c5c8af00e106332656bb72401ccf25849f4213c23c9b
tree	ag_generated	platform_search_annotation_report.yaml	d537c51e96af70c3239117513a0654cb33a0ef2f43cb9658c3e40bb5a3c26ba7
tree	ag_generated	platform_search_code_edges.yaml	c527ea878da1ffad45a6c915cee79be3c8f8bbfe19ae8b2b2a39caf0c8786636
tree	ag_generated	platform_search_code_symbols.yaml	502fe0ed91f0ca13bca678394bed13c1e9c235d66da7af7d89149b40b71e6a9e
tree	ag_generated	platform_security_annotation_report.yaml	dec0445df69db75ba3258b690bd12c77c5d6de93aa14cee8a44be6b50d1b238f
tree	ag_generated	platform_security_code_edges.yaml	de932d2f7facd49fed1fb03551c04be91ef04f2fc3fa2059df7a1599086e8165
tree	ag_generated	platform_security_code_symbols.yaml	bec57bddd2b49c9ae7f3701127f2ca939bc8f3b76dbe95d36b5010f56844d085
tree	ag_generated	platform_storage_annotation_report.yaml	a44bbd5cae9a6b466e407da4696d1e69db74d829fabfd18fafc64925f3bb4ba8
tree	ag_generated	platform_storage_code_edges.yaml	c527ea878da1ffad45a6c915cee79be3c8f8bbfe19ae8b2b2a39caf0c8786636
tree	ag_generated	platform_storage_code_symbols.yaml	b4f5e32b23028995c12a6536e63cd7a0fa055584d5a9b4be0562e9a202c13595
tree	ag_generated	platform_torrent_annotation_report.yaml	001fff01b56ee45b734814df1327cdaa71a2f01590c959abd63a7398a32d1df7
tree	ag_generated	platform_torrent_code_edges.yaml	410ac4f43601a16bc36cd6cdf1b2d501d54bb8f003a9e60bd919a5d158f0e5ab
tree	ag_generated	platform_torrent_code_symbols.yaml	f306cf7fb68aea0763965050ed104586392906aaa8791ddfffad83b8675cba90
tree	ag_generated	platform_verifier_annotation_report.yaml	fca88b9fa6ae60a7cc4f2e2177553390732db5e090deb40ae11a24bc8403fbb3
tree	ag_generated	platform_verifier_code_edges.yaml	510a40c204dc7bdef208ef6d16a0e19049defb853cadeb8bf62a76bffc1b2b24
tree	ag_generated	platform_verifier_code_symbols.yaml	75d0bb9b24a3ed908f4263480c6affecea2cda0390fa8446c5706f5236d6467e
tree	ag_generated	platform_workflow_annotation_report.yaml	70ba407ff15812e38b6158bf7ca007821d4837bccbed4140378bf8561f5011aa
tree	ag_generated	platform_workflow_code_edges.yaml	bc233670e32a1aa79e75717b70d3d2bcd35e19030e58f0554387ad61a3742aa6
tree	ag_generated	platform_workflow_code_symbols.yaml	50b7290a832d791bdac82e8dad59fc55a06ba86122d55e7cc6127b360653c578
tree	ag_generated	python_import_graph.yaml	ea55f9ad43a7f7b5d6e8c8bc04f9c3da952ecfccf760ed2c18d1275a48998c43
tree	ag_generated	rust_import_graph.yaml	bdb37ed4c6ad1fa31d41e0b077648e5427a186570085b142ba4449e8cef72235
tree	ag_generated	source_edges.yaml	d63c547d2dc1168a04218cc6888318f1c4918e30e82d5152ef10efb3e4a50086
tree	ag_generated	source_symbols.yaml	257f07996b1cb0856205f8bf82ea6b27566828cab5f559efe8bd045621134b6b
tree	ag_generated	tests.yaml	e3dd28f6c494f99336dfe73d25a5ceebb746a7edf2b154c3e7ce4cdd4e81b4c2
tree	ag_generated	typescript_import_graph.yaml	d23fd682cfc9d30524491524182c51bbb5ce29547ffb5f64afc0edbc7683330e
tree	ag_generated	web_client_annotation_report.yaml	ffafeddd6eaf1e0a725311ffaa7fa93934fe0e0cde37d1aa9e95e58be12e89d8
tree	ag_generated	web_client_code_edges.yaml	90f7d52ebab77472957862379b5a41ae91383955c23cd96d10b18af54e93cc9d
tree	ag_generated	web_client_code_symbols.yaml	34e0900b906d66fd156602091cda95866c87de0ea26a0fc10ac543ce36b75ab4
tree	svc_awareness	activation_rules.yaml	96cd5c41eb02151afe25b68d3c0f2d391f74895e20c67426d7edf7ada1b8f86e
tree	svc_awareness	architectural_declarations.yaml	1252228f21954b26d1c4e868d2edcc5521db724ef479b2f803f7972e2800a03d
tree	svc_awareness	audit_suppressions.yaml	6188bc991a138503641b22da61a58c2cdd0e37f4e32c09438674492ab2c64cb9
tree	svc_awareness	authority_domains.yaml	1ebf35dd1e04c34b0ec7f2824069c5f0de803580afb60061e51362643402b8b0
tree	svc_awareness	authority_rules.yaml	abbf21254221e2a9f64466897c406ba53bbb5d57692ddfea6741425744ee840e
tree	svc_awareness	awareness_self_invariants.yaml	001ca45777c66821582a0c93008e0fc16b4179ba96861dd55f911738c5a04317
tree	svc_awareness	candidates/contract_unknown_contract_unknown_no_owner_keeps_bundled_os_debs_in_step_with.yaml	5005249ee59f6b521d854fba4805460353e45d42ce58d673b464865005b70299
tree	svc_awareness	candidates/contract_unknown_contract_unknown_nothing_re_renders_scylladb_seeds_after_the.yaml	270abc32ef8336c631be38c3be23ce92643fc089c6af31f2af63d2dbba14fcc1
tree	svc_awareness	candidates/implementation_pattern/candidate.implementation_pattern.ai_executor_service_guarded_mutation.yaml	4cd3d2e7beebf2d83d1052635a66a2cf2f5db10782adf9fc60c035d27f00dde7
tree	svc_awareness	candidates/implementation_pattern/candidate.implementation_pattern.ai_memory_service_guarded_mutation.yaml	a5956d6996747526ec6e628125c2836bc79e4b1d3cf98fc4f2b120ad306948cb
tree	svc_awareness	candidates/implementation_pattern/candidate.implementation_pattern.ai_router_service_guarded_mutation.yaml	a7521eac300d811db4657b786677df5741e1b4ca256ce74c7b4007d0e5143b66
tree	svc_awareness	candidates/implementation_pattern/candidate.implementation_pattern.ai_watcher_service_guarded_mutation.yaml	fb958a5c6a881ff9a2946a9e7099d9b2e7b54e0dc7bafe0a69cc6d87edd35545
tree	svc_awareness	candidates/implementation_pattern/candidate.implementation_pattern.authentication_service_guarded_mutation.yaml	9ddd0d3dcbc45dec08328e9418312d08e5d2e6dced8f4f33baf56974a3858551
tree	svc_awareness	candidates/implementation_pattern/candidate.implementation_pattern.backup_manager_service_guarded_mutation.yaml	e11ac4348c3b65b2010cc67881f07a8ce9c4a7c8e8494efdc42678f5c82e0fd0
tree	svc_awareness	candidates/implementation_pattern/candidate.implementation_pattern.behavioral_memory_service_guarded_mutation.yaml	b3d51a8e3a87e5ba754a66909fa65c94843bcc1cf56f9368e33f734a3b188cae
tree	svc_awareness	candidates/implementation_pattern/candidate.implementation_pattern.blog_service_guarded_mutation.yaml	b98b192f0507fd47a292129910d4be3ccd76b3da1e63ff8a6bcefaf8754e3b0c
tree	svc_awareness	candidates/implementation_pattern/candidate.implementation_pattern.catalog_service_guarded_mutation.yaml	8e77f28c4ee791333e1c38e3bf6adc9dd48dea6e08e6bdb729b0a6f1a1379055
tree	svc_awareness	candidates/implementation_pattern/candidate.implementation_pattern.cluster_controller_service_guarded_mutation.yaml	ba7ea522806963f377331fe5aedd4336c14bdb74004b0e6d6cd722fa40f651a1
tree	svc_awareness	candidates/implementation_pattern/candidate.implementation_pattern.cluster_doctor_service_guarded_mutation.yaml	bb5f466f40bd5e0f85fea5f591856cb14c33523729c15e58aa4ffd16c0857861
tree	svc_awareness	candidates/implementation_pattern/candidate.implementation_pattern.compute_runner_service_guarded_mutation.yaml	bda9730c656f8881b0243a8da961f814b31373c77800a1c66af8239980d2dab3
tree	svc_awareness	candidates/implementation_pattern/candidate.implementation_pattern.compute_service_guarded_mutation.yaml	2161162e2a367e955120c9ccbf142f810d43b0193d51eff31ae042b71d094f7e
tree	svc_awareness	candidates/implementation_pattern/candidate.implementation_pattern.conversation_service_guarded_mutation.yaml	f67b6b4468537596d7aaec582590859d201e6a07e05dc99f85f78e687476e292
tree	svc_awareness	candidates/implementation_pattern/candidate.implementation_pattern.dns_service_guarded_mutation.yaml	e34bd9cf9156351a4b408277e7bf3326c74114e8b2514a424aef21fe542c9c20
tree	svc_awareness	candidates/implementation_pattern/candidate.implementation_pattern.echo_service_guarded_mutation.yaml	d89209452472e0b5ccae258569eb3d247e4dd76825257e75e92892faf1b55a02
tree	svc_awareness	candidates/implementation_pattern/candidate.implementation_pattern.event_service_guarded_mutation.yaml	1856050559a0fbe6762da6ce2dee3a01db5eb5c8600bc8a093d2c98d52fc716f
tree	svc_awareness	candidates/implementation_pattern/candidate.implementation_pattern.file_service_guarded_mutation.yaml	c9c3f5a79d688b58ab2cb2758818f58c4788a9b39de3b2989a09c68710715a13
tree	svc_awareness	candidates/implementation_pattern/candidate.implementation_pattern.ldap_service_guarded_mutation.yaml	ecae1da96a5b209b42c7d62692d236da542e994f02c493565f0ffc9867e81ebe
tree	svc_awareness	candidates/implementation_pattern/candidate.implementation_pattern.log_service_guarded_mutation.yaml	bf29c6c5425b829c562aaef5a548c2663fd41063aa195771420d337777b6edb7
tree	svc_awareness	candidates/implementation_pattern/candidate.implementation_pattern.mail_service_guarded_mutation.yaml	03dc792328dbe8edd49a2df24eaeda88846d2e32046a96c807e727535abecf64
tree	svc_awareness	candidates/implementation_pattern/candidate.implementation_pattern.media_service_guarded_mutation.yaml	197ad197b0fe883d5cd40e80710e27b77c9ba9e50a0921d09b002fb4953e4b01
tree	svc_awareness	candidates/implementation_pattern/candidate.implementation_pattern.monitoring_service_guarded_mutation.yaml	4cd0d548ec40a455b5cf8a869e41d1b7780e7ed0c5dd7a4d50615593ce5b25c9
tree	svc_awareness	candidates/implementation_pattern/candidate.implementation_pattern.node_agent_execution_service_guarded_mutation.yaml	00805918c0d5d1a76bf73e8792b5fa37667efc4a518e7ad901b11110a40f4dbe
tree	svc_awareness	candidates/implementation_pattern/candidate.implementation_pattern.node_agent_service_guarded_mutation.yaml	cff1ab84f94b159402a0344cb745fd6b0aec7e65a2548f5a19f118e613629745
tree	svc_awareness	candidates/implementation_pattern/candidate.implementation_pattern.package_repository_guarded_mutation.yaml	d9fb40b001f129bb176c769cc1918007cfb9273194292c935a59273a50f47555
tree	svc_awareness	candidates/implementation_pattern/candidate.implementation_pattern.persistence_service_guarded_mutation.yaml	b01cbe31faff226238442645115c58a349c3ff1f6455365eed4e311e25d09d82
tree	svc_awareness	candidates/implementation_pattern/candidate.implementation_pattern.rbac_service_guarded_mutation.yaml	f601123ca76289ce833d9468050b61f6675c6f853e281a4e53daca85543aac35
tree	svc_awareness	candidates/implementation_pattern/candidate.implementation_pattern.resource_service_guarded_mutation.yaml	4d0367981474bffbbe279d014f547014481d33860aee4b32741539eafd68a719
tree	svc_awareness	candidates/implementation_pattern/candidate.implementation_pattern.search_service_guarded_mutation.yaml	815696f4344ed97eaa30781f498672e7c49b80dfabfcdfc4ae5606c77dd7823e
tree	svc_awareness	candidates/implementation_pattern/candidate.implementation_pattern.spc_service_guarded_mutation.yaml	bdf53298e65c82cb1e7d3a0045e208106d2ce9b27ebf0cefedc7285b515931a0
tree	svc_awareness	candidates/implementation_pattern/candidate.implementation_pattern.sql_service_guarded_mutation.yaml	f9ea7546d4dbe8718057a63cfaf61da9a2ba0b923de58f98acb3b5e38edb39e2
tree	svc_awareness	candidates/implementation_pattern/candidate.implementation_pattern.storage_service_guarded_mutation.yaml	f69f63164e04803f115cdec7ecd89b90269b94292a7a62c34f7b5d54c9b07d15
tree	svc_awareness	candidates/implementation_pattern/candidate.implementation_pattern.title_service_guarded_mutation.yaml	ef6d1b4ab375aecd0f4a331fdfaa22208509b1729de9a60f443a3ee1868f6738
tree	svc_awareness	candidates/implementation_pattern/candidate.implementation_pattern.torrent_service_read_only.yaml	1f468a3ad60a0fc302f9498795be438368bee29c71bf7d03302a308a9ffc382c
tree	svc_awareness	candidates/implementation_pattern/candidate.implementation_pattern.workflow_actor_service_guarded_mutation.yaml	cd5608c01e406f284367cb0e14f5a63112cde412f52ce676fa448f777f5a575b
tree	svc_awareness	candidates/implementation_pattern/candidate.implementation_pattern.workflow_service_guarded_mutation.yaml	b8c399caf8d851043827622fe548f2598bccd9213c10fd98032edab1b33a7f59
tree	svc_awareness	candidates/pattern_misuse/candidate.pattern_misuse.direct_storage_access.yaml	7483b34cdab664047f86ea4bbcae32d2126c672a81f05226566f6d3bb4ecfb81
tree	svc_awareness	candidates/proposals/failure_mode.failure_globular_a_defect_elsewhere_can_hold_a_chaos_asserti.yaml	126470b4cc2a237adc99b81562b65df64b259cb85027a2bb6d6dc551bf422ca0
tree	svc_awareness	candidates/proposals/failure_mode.failure_globular_alert_retire_condition_stricter_than_its_ra.yaml	8c968b34d0d47e9d2fc284622a747a48a5b77e400bbeded4b1395a82cd2079b1
tree	svc_awareness	candidates/proposals/failure_mode.failure_globular_clearing_a_block_record_without_re_driving.yaml	9aa9818d951e1f3218fd69dd8922339759efa972929cd65337e8fb9d211ff98a
tree	svc_awareness	candidates/proposals/failure_mode.failure_globular_convergence_stamp_copies_its_own_previous_o.yaml	d161333efbbbfea1ba8d7b30d5330e58c60ff44bede02e368b4e067a31c9131e
tree	svc_awareness	candidates/proposals/failure_mode.failure_globular_global_state_lock_held_across_etcd_i_o_in_t.yaml	6dfede527dde5777a23892dfdeb7558280474632558986bb57f3eb252f4c2b26
tree	svc_awareness	candidates/proposals/failure_mode.failure_globular_poisoned_build_identity_is_detected_but_nev.yaml	5c81ec35f83967b87c61a2950c4a3968c7a02b80db33ec29e31c62cfdfc6015a
tree	svc_awareness	candidates/proposals/invariant.invariant_globular_a_build_identity_mismatch_must_re_drive_a.yaml	a7c4943a1ade604521675cb3bef90afbdcb6ad37bc72e7d40ccdf0d8598b4449
tree	svc_awareness	candidates/proposals/invariant.invariant_globular_an_assertion_on_terminal_state_must_estab.yaml	d1e067bde20b6c2f61979b994990b45dd6d1aa4926425b5a3398a39028bc41f3
tree	svc_awareness	candidates/proposals/invariant.invariant_globular_an_observer_must_be_proven_able_to_see_th.yaml	6acc5bfc598c0fea92812726381acbf22264ebb55c6004966c2ccc6bd19212a6
tree	svc_awareness	candidates/proposals/invariant.invariant_globular_every_error_severity_finding_needs_a_gove.yaml	e3d2c77fcbd615a35837adb71143f10f4c1e391307dbe02b890f88445efbc0ba
tree	svc_awareness	candidates/proposals/invariant.invariant_globular_evidence_has_five_independent_seams_and_e.yaml	ab08f490f26002d9bc234af3d674ca4c9931f5e55e1b1aa16af746e365486a88
tree	svc_awareness	candidates/proposals/invariant.invariant_globular_observer_availability_is_a_prerequisite_f.yaml	01aa4628680acaeef94914433c01d82ed0978ee87e6710553e064e8ed72a8620
tree	svc_awareness	candidates/session_discovered_invariants.yaml	83ba7be3cfb8ed56be288f470d6db68bb9c49a3f3a1ac75570738c49804a8214
tree	svc_awareness	coherence_pipeline.yaml	eb87b33f226d79fd3e25fdb96b1c62f4cfe04c9822cf98b184f9d5f7d593a11e
tree	svc_awareness	context_aliases.yaml	3aac2fe9891f34d827cf28bad9d7b8039ee153be379a27b510c66baa80320f20
tree	svc_awareness	contracts/authority_contracts.yaml	4b761bc89fa9e56e5cb410c84b02f8ffcca587f8bb9c5281465a28b391c5c89d
tree	svc_awareness	contracts/service_contracts.yaml	69f79df34233df1b94ee2d21b004db227d6bb2630fddcd0663c8d17d2d3b202e
tree	svc_awareness	convergence_rules.yaml	fc400428448aec7632f8bd39ff1fa9342eb760ab7cd4b877715af6ed4a6ef2fe
tree	svc_awareness	decisions.yaml	1326d9a91f5cd88d839013e82ded573ef9b8bd2e79fb5e1e762885f8bd3b7d84
tree	svc_awareness	detector_mapping.yaml	a5b5f40f9eab3e0d4824f8f2071de0c682c895bbd3261955912a20eda5bc7d62
tree	svc_awareness	echo_service_invariants.yaml	e92900af73e0744ec91824963328521205b7c9b7534022d2cbda668fd118c09f
tree	svc_awareness	failure_modes.yaml	04a83cb16cf8a3dbc9a58bc3d03fe87cda2c15c9ef51b5c9b666343bf9f69eb3
tree	svc_awareness	failuregraph_seeds/ca_signing_no_proxy_no_etcd_fallback.yaml	d25ee761a5739670c0871abdeb08e47591070ff596b87df6f12835a93fee3590
tree	svc_awareness	failuregraph_seeds/dns_reconciler_publishes_vip_under_node_a_record.yaml	ff01fee83faf36e5deae8741741d419924dc3d65996e6ac5d790d552a0d43dd8
tree	svc_awareness	failuregraph_seeds/empty_store_result_deserialization.yaml	f05716e3258cd2a4bd59ce55b3d451313e81b37d7b9cd3fc17ea8701fa51e427
tree	svc_awareness	failuregraph_seeds/endpoint_identity_scope_violation.yaml	b91d18057ae3078023fe05f52a45dc435261b107d6f68f4276f77562e11f0675
tree	svc_awareness	failuregraph_seeds/gateway_join_bin_truncates_large_binary.yaml	c1c93a5895e57b59d83638589dd70b639a34dcfea753be7a9ca150ca5b4603f6
tree	svc_awareness	failuregraph_seeds/installed_state_build_id_missing.yaml	3d89035057b0673b0428f08502d173b79924b18016c006f5b2b37cefcfe2c035
tree	svc_awareness	failuregraph_seeds/legacy_authority_path_still_called.yaml	5a14b20879e4c31335d84aba1c1029a028962f4876a063b40aacb555ba2e8c44
tree	svc_awareness	failuregraph_seeds/repository_duplicate_build_number_collision.yaml	b24139830bdcc3f2c8a1d38eb40381f5b5d88939b76cdad80955eac16f9254ed
tree	svc_awareness	failuregraph_seeds/topology_gated_package_false_drift.yaml	88e8ba5d4377814923fcbe17fdd59d10e3e618b9a3ef7b4f8d8fa97b82f096b1
tree	svc_awareness	failuregraph_seeds/vip_identity_poisoning_cross_layer.yaml	08065bd7ed02c3cefbe51902dfe6858ba930e1f58bbd4bb195d36611e40a35c1
tree	svc_awareness	failuregraph_seeds/vip_transition_evicts_etcd_member.yaml	36497e0b28c852588bc629a57b6f42b741ace49bc4413d451f7a16738240a398
tree	svc_awareness	failuregraph_seeds/vip_used_as_member_endpoint.yaml	1c30f8804a7dc7e122a55de09a61b5dcc166e873d19baaa589fdf2af45729979
tree	svc_awareness	failuregraph_seeds/workflow_blocked_reason_unclassified.yaml	c2008a9ba20ddc0ddae3557b49b32b8789b7703784c0fc9cee813bd612b60e7a
tree	svc_awareness	failuregraph_seeds/workflow_resume_without_receipt.yaml	2dfc7e3e80dfaa042aa82b00ae52b7711059a9a78152ae2d5be851339d64168a
tree	svc_awareness	fix_cases.yaml	ee0a9b5d38a223b244e501690253842b5d729c3f158d3b2d2e60287e7b0cebde
tree	svc_awareness	forbidden_assumptions.yaml	df92477d63a8181f63dc1f035cfbbb8ae773bce93f908f36edbae41c2a2ec690
tree	svc_awareness	forbidden_fixes.yaml	3be6b01f9ef6c08df37f745c9281282935169f4d8c5a532f74115771379999d7
tree	svc_awareness	forbidden_fixes/package_identity_forbidden_fixes.yaml	497c42a2cdc3e77ba7df9c513e02c194610c924b8aaaa4c90ceebc352e7aadeb
tree	svc_awareness	frontend_invariants.yaml	37c76890f66b7de70031e516094610481e8cdcf3d96caca79e2e51c1cdf36b73
tree	svc_awareness	generated/awareness_graph_annotation_report.yaml	adad630526dfd6d96129db611938b375da775a4fad448d7c505d0546348e814e
tree	svc_awareness	generated/awareness_graph_code_edges.yaml	3b6ee39323e1a1d65cf20747eca74e131192270f4d7e3e8ad5e75191aab20c22
tree	svc_awareness	generated/awareness_graph_code_symbols.yaml	7f29ffaf0dd32f90b341cc010ee0e2fc3d97328057a1cf2cb603363c430b577a
tree	svc_awareness	generated/components.yaml	44d73853c5afda665f1568aa6831f36417aaa4fa4331bd13c4b3fcdb98ad46c8
tree	svc_awareness	generated/contract_consumption.yaml	c7dc7e9926808394894c1c6735bd9cddee6e93ec8a71124c61b0c5014d3a2bf7
tree	svc_awareness	generated/contracts.yaml	1b9115bcbb6e3076310d3a03efa46418e2d268d0ac9fcb26bba94576afe099a4
tree	svc_awareness	generated/echo_service_annotation_report.yaml	c29ff61fe9b64a419c2e578b9620ac5700522f9de20719c07527aeb5a3a0fb06
tree	svc_awareness	generated/echo_service_code_edges.yaml	d2fac370f5a21c08f02a2b597d50094c6e69370f02446605773f8ea494943405
tree	svc_awareness	generated/echo_service_code_symbols.yaml	1dbdefa9f396deda4ffda71ad7cf411b6cdff072f6a5cae724c7bbeb84d17ae8
tree	svc_awareness	generated/go_import_graph.yaml	e706e6fb76e80ad0b9282a963134e10a3d0788a3dfb894da48a89d8b6851eb9d
tree	svc_awareness	generated/http_contracts.yaml	60255af87d751974c84fcf52cfc5b80fbf29e23d8fbfdedf3ba9af3da7c8cdef
tree	svc_awareness	generated/package_awareness_contracts.yaml	78692ecf82ec69baddc1a930e39e8fb2936ca2cf3eea0a50ce55198e0c967309
tree	svc_awareness	generated/platform_ai_executor_annotation_report.yaml	00ba05d16ea77480dc2c883bccdc8cd2041caed548901a16e7e4d9b722d5815c
tree	svc_awareness	generated/platform_ai_executor_code_edges.yaml	67656a870c9b407b15a44390e6b6f343623920babcb28c847786fcc7b4e2242f
tree	svc_awareness	generated/platform_ai_executor_code_symbols.yaml	78a5cf12661b0e1d7842c1f162aef8e667a0d1ac5e537765a2d8c2dbbd1e7b79
tree	svc_awareness	generated/platform_ai_memory_annotation_report.yaml	fcf41d86ccb0bfab46bb5c15d49c4355327920db5bb6deef8ee53738cbe5e2e2
tree	svc_awareness	generated/platform_ai_memory_code_edges.yaml	743d558fae55313df68686be3690be0129187f1702624151b03060ae7470f983
tree	svc_awareness	generated/platform_ai_memory_code_symbols.yaml	81ae6f83b4a42acfd0ae3f17476c422346fffe532dadf89b6935e9f5153a20e9
tree	svc_awareness	generated/platform_ai_router_annotation_report.yaml	ec9f98e616ce1b032c07cf59f2f2a0e2bca7905da5422eb1c9b564a88da9f4f5
tree	svc_awareness	generated/platform_ai_router_code_edges.yaml	c91118b8a4ef802290ed8ecb83cb7bf4f524aea6b9d273b959b0809377913f04
tree	svc_awareness	generated/platform_ai_router_code_symbols.yaml	d2f54c4f982c0fba0f14d8204d70b935c373eed76864b843ab9af882f9c63e93
tree	svc_awareness	generated/platform_ai_watcher_annotation_report.yaml	a250004fcf25fa9028a8f4d6b63a31119c20d975cbc1dd662da1f50887500f07
tree	svc_awareness	generated/platform_ai_watcher_code_edges.yaml	263e9720bbc10780772bcda53ff4968b97246719c3357192ec9521f0aeae840c
tree	svc_awareness	generated/platform_ai_watcher_code_symbols.yaml	ed07c039bf3c8f3da3405d796a04be96ba17283508c03f44033a709437320155
tree	svc_awareness	generated/platform_attestation_annotation_report.yaml	58f39b3ade09b3c9b375f6dcb0416363ab736799e2ed5a013454eb043562cb09
tree	svc_awareness	generated/platform_attestation_code_edges.yaml	c527ea878da1ffad45a6c915cee79be3c8f8bbfe19ae8b2b2a39caf0c8786636
tree	svc_awareness	generated/platform_attestation_code_symbols.yaml	35d0455531c9a768627967b9e1424bc3d7cc5bce21bf3047b5b8614f7a435b61
tree	svc_awareness	generated/platform_audittrail_annotation_report.yaml	8fc26f817fd81550677ed492c5893d7531178f4ef5bd1ae9f5996ebdf39e9f1b
tree	svc_awareness	generated/platform_audittrail_code_edges.yaml	c527ea878da1ffad45a6c915cee79be3c8f8bbfe19ae8b2b2a39caf0c8786636
tree	svc_awareness	generated/platform_audittrail_code_symbols.yaml	7dc2e849b44baece779ea1761b97522886869fc5ccee06fbccf069a63d74e1df
tree	svc_awareness	generated/platform_authentication_annotation_report.yaml	07a52235119c2d1d17abb643d2acc05824b8a9b6ed2d5e1bd861b90a671e2460
tree	svc_awareness	generated/platform_authentication_code_edges.yaml	b337aadd434b97dcada4dd99612edd8ada9113a4ba1edf5d38305ac099731027
tree	svc_awareness	generated/platform_authentication_code_symbols.yaml	33af934098ff7ded59f7e5451cd880a13034e8c98ed67c4f0e1434305573c694
tree	svc_awareness	generated/platform_backup_annotation_report.yaml	88505c2a82a66c546e9be13d7cb3f5696ea0112800ac866d55a17ac7f3ed673b
tree	svc_awareness	generated/platform_backup_code_edges.yaml	558bc608532e5b2465a7004fd2ca84b5063a7c214b614815eef7c24c2b194d90
tree	svc_awareness	generated/platform_backup_code_symbols.yaml	d5ecb89dcd22fd2cc8488dadf9d5aebf8ac0093e73524ac4637cc71a74a80637
tree	svc_awareness	generated/platform_cluster_doctor_annotation_report.yaml	bec8e7bead1daa787429d138379fce9acc5cc01c6fc1abc4ff5a7b02d87ace50
tree	svc_awareness	generated/platform_cluster_doctor_code_edges.yaml	53863dab41ce31333bee6f9f81c4d0a94e14c2615793d4d851686c2f2c15b3cc
tree	svc_awareness	generated/platform_cluster_doctor_code_symbols.yaml	122b2016a78e8246928ea991dde07684bc9f09d3b48ba1cd6c13b24d20bfbe86
tree	svc_awareness	generated/platform_config_annotation_report.yaml	5527e24eb14ba9200842e08bdede7ca951d00e27240bb37d9e5501b7b2cb3e11
tree	svc_awareness	generated/platform_config_code_edges.yaml	eed0793e00434b38e7b354e03ccbd9c442868d9c5426b74a02fbb47dfd3d5c90
tree	svc_awareness	generated/platform_config_code_symbols.yaml	869291a3daab846e4246681d9b57e7f87866627c5160f30356b480a6bbe5f1b1
tree	svc_awareness	generated/platform_controller_annotation_report.yaml	64d27d149129dd09a687a8456499b65918bb460fd5e5d4fe4780bdf34a8462d1
tree	svc_awareness	generated/platform_controller_code_edges.yaml	8203127c135fcf6240383cd0ba5b4c77837da9c7276e35a77a7262c3001aaa5f
tree	svc_awareness	generated/platform_controller_code_symbols.yaml	05caae1b4db685cb7e67ddcf82754031dce6a39c94af0ef37f8a6ed286d1f01a
tree	svc_awareness	generated/platform_dependency_annotation_report.yaml	58f77a79c276a3158f52d841b01c63037ee391372d954e26e40a578fa36596cf
tree	svc_awareness	generated/platform_dependency_code_edges.yaml	c527ea878da1ffad45a6c915cee79be3c8f8bbfe19ae8b2b2a39caf0c8786636
tree	svc_awareness	generated/platform_dependency_code_symbols.yaml	9a44b4407138c3d49d65d8b61b1cd3ec439137dfb509620df1b446135268a712
tree	svc_awareness	generated/platform_dns_annotation_report.yaml	f6d62ce2e365d6912dbd9700a4bd52a730fa96bd2e9bff07a816c4ed51c90025
tree	svc_awareness	generated/platform_dns_code_edges.yaml	cd92dd519c6319c0fe46008e33079351e04233edca924fd8f99885e79291b182
tree	svc_awareness	generated/platform_dns_code_symbols.yaml	5f6c1b75ae7f03f808884bef85eedaf654759b87557d096a30f779c4423170ab
tree	svc_awareness	generated/platform_domain_annotation_report.yaml	cb63718766d4726ae5b19c5d506299722ca620076b837cc587ce1ecb9f2bab05
tree	svc_awareness	generated/platform_domain_code_edges.yaml	b8597391247d785e27fad41fa9608345b54ba283205be65e1737bb299a52ff07
tree	svc_awareness	generated/platform_domain_code_symbols.yaml	d8af1a296632237c1bfeb453418eb61e9fbd68c221b8cd0e107189ff555a0d24
tree	svc_awareness	generated/platform_event_annotation_report.yaml	1668418edda43a1f9766e2a29b2ddd3d61778119bf2d570a7b36897dd2b6b25c
tree	svc_awareness	generated/platform_event_code_edges.yaml	a0491ef5d96ad1ff0595258b7efb140dab955b6907917e1e14264e106cf86b89
tree	svc_awareness	generated/platform_event_code_symbols.yaml	d6990589c5888822bc46fc1bb4575817feb8e0a51ee265a02df71bc3457f5fe7
tree	svc_awareness	generated/platform_evidence_annotation_report.yaml	d95a90ecc78a8e1886f3ebb8f9bb48ddb426d4cc091920db0985f7bfa921a390
tree	svc_awareness	generated/platform_evidence_code_edges.yaml	c527ea878da1ffad45a6c915cee79be3c8f8bbfe19ae8b2b2a39caf0c8786636
tree	svc_awareness	generated/platform_evidence_code_symbols.yaml	67da837e1b6e1a2ad8ec8734ee27f69f9d5ba8d926150b615e93ee80f921a001
tree	svc_awareness	generated/platform_file_annotation_report.yaml	aee7b59f403c14397a837aa5c01f411d02a053b43fc599f095a8c5997f3ba623
tree	svc_awareness	generated/platform_file_code_edges.yaml	c527ea878da1ffad45a6c915cee79be3c8f8bbfe19ae8b2b2a39caf0c8786636
tree	svc_awareness	generated/platform_file_code_symbols.yaml	aa783b43df033cf1bc0d802829095c81428174d1c61cff408cbdcf69f2ea9ac2
tree	svc_awareness	generated/platform_globular_annotation_report.yaml	3834e21832cb932eff30366eaae0dfc69780abeaca7426ee93ee8b42d8362a10
tree	svc_awareness	generated/platform_globular_code_edges.yaml	c527ea878da1ffad45a6c915cee79be3c8f8bbfe19ae8b2b2a39caf0c8786636
tree	svc_awareness	generated/platform_globular_code_symbols.yaml	a57434d98d2210dca08a82438734e58c5212ffd9ee55b7d8302d9f6c3cfc912c
tree	svc_awareness	generated/platform_globularcli_annotation_report.yaml	25242b4fcbdc53c0bebe9a53cda80bc950d582f8146ca037042108431ee34cbe
tree	svc_awareness	generated/platform_globularcli_code_edges.yaml	e7b3638e43b08ed4bfae730e11325e9ee34ec431dd2df6711d42c7f77867780a
tree	svc_awareness	generated/platform_globularcli_code_symbols.yaml	421859da29fbb146e341bdbdbb64c832e6875f2fcea62c71ec89a47820f31f53
tree	svc_awareness	generated/platform_identity_annotation_report.yaml	851c7b4f310dafc44b041c434ac7e13ce53bc42e1ba075a203553f26c9b6f042
tree	svc_awareness	generated/platform_identity_code_edges.yaml	c527ea878da1ffad45a6c915cee79be3c8f8bbfe19ae8b2b2a39caf0c8786636
tree	svc_awareness	generated/platform_identity_code_symbols.yaml	1343b891aff4f735d6feb9af2e871208aa93fad01a970f9907763a71bb274601
tree	svc_awareness	generated/platform_installed_state_annotation_report.yaml	533b5da90fd6ae0c5cd64869c5145f78086b06e01f7d8caa2345bd0eae695d7f
tree	svc_awareness	generated/platform_installed_state_code_edges.yaml	03c4d306b41d27279a077dff375e9eab2f3fb0380145ec4950bd8dae41f4706c
tree	svc_awareness	generated/platform_installed_state_code_symbols.yaml	9a1332ea8ebd452ffcc97695833d47e1e454585a334a0ed73a391455b44dc798
tree	svc_awareness	generated/platform_interceptors_annotation_report.yaml	393bf2afe7857e3630948fb7e92759c2bfad4f1264e8e9aac5a9b86a5db2552e
tree	svc_awareness	generated/platform_interceptors_code_edges.yaml	7d2018d08695f29a5b78fa2859f2d7b8ab7161453cd08685a2ab203b93bf36c4
tree	svc_awareness	generated/platform_interceptors_code_symbols.yaml	c57b61ed881a9cc7689ab69d7713675b24f2192011a242645c3b420feafa619d
tree	svc_awareness	generated/platform_mcp_annotation_report.yaml	daf6ba15d54c10b138b33636037211ba87e763c4c254ebf9138a3b6eba8981ef
tree	svc_awareness	generated/platform_mcp_code_edges.yaml	984424fc69ae5983ebffab75349cc07c32a33340c9567c32a9d7288d3a95ed28
tree	svc_awareness	generated/platform_mcp_code_symbols.yaml	d133887b5248e447dc9ce3e4a8644aa0635500388c17ce4ed98d8d2f47efc71c
tree	svc_awareness	generated/platform_monitoring_annotation_report.yaml	03c06755ae63fc9d339e776b14e2b8b49e153caab13e6fada615afab81db4fcd
tree	svc_awareness	generated/platform_monitoring_code_edges.yaml	c527ea878da1ffad45a6c915cee79be3c8f8bbfe19ae8b2b2a39caf0c8786636
tree	svc_awareness	generated/platform_monitoring_code_symbols.yaml	9578e3f55800047410d63102d85bc50d5df8cb94ce8410d0099e624b2b49eee1
tree	svc_awareness	generated/platform_node_agent_annotation_report.yaml	4ee271e1f3f9e3bf3bc40ea02af167b566aa1c7d492f41f6525763f265c4a2ba
tree	svc_awareness	generated/platform_node_agent_code_edges.yaml	6ec8c9a0c7755660f68fb7a35bf3e850eb3bebd937225212f3758ad6d5febee6
tree	svc_awareness	generated/platform_node_agent_code_symbols.yaml	c51acaa137376a46dd36b678411f507814616d121af6b7542e3a992da810f6cb
tree	svc_awareness	generated/platform_pki_annotation_report.yaml	f78c678cdaac4b1c7ed394524910770b6021dcd954919f843b121c6ceff01a84
tree	svc_awareness	generated/platform_pki_code_edges.yaml	bd48e012223d64d3a0e91c9e2d266cad065178adad073335360c9bb9b42d49f1
tree	svc_awareness	generated/platform_pki_code_symbols.yaml	ec092385cd1b388403b37bbaf6593a6657d18e73df14a2bf82df111e673c18a8
tree	svc_awareness	generated/platform_rbac_annotation_report.yaml	d01ed1dbf78314c9dbaa96963a4868d4a7e258540ec53e36d60f3b152b8a3703
tree	svc_awareness	generated/platform_rbac_code_edges.yaml	35bb98e974088c2eaa44c4fd8fbe1c2f3bdddab5b8eded5f45b51ce63e85d2fd
tree	svc_awareness	generated/platform_rbac_code_symbols.yaml	632962b2a21b500a942b2f4c07df19ad8c22a05eeb55e0ad21ae173b7ba9e0b2
tree	svc_awareness	generated/platform_remediation_annotation_report.yaml	e2ae2cfd3b1399c8e69cd37616b51a864eb2e42af2808a512137dc3686ec5e2f
tree	svc_awareness	generated/platform_remediation_code_edges.yaml	c527ea878da1ffad45a6c915cee79be3c8f8bbfe19ae8b2b2a39caf0c8786636
tree	svc_awareness	generated/platform_remediation_code_symbols.yaml	9d46cd3b1c95fb2efa0d17d71d41ced23bd588e8a89aeb9f270b75ffd9608591
tree	svc_awareness	generated/platform_repository_annotation_report.yaml	f85940a65311aeeab2064f9d17fb41733dbd5a61de36df47444f08d129afedf4
tree	svc_awareness	generated/platform_repository_code_edges.yaml	d1879d02d49bcf2ff779b6f67c6df4d022c3017f7c15c81615bf964605ed717f
tree	svc_awareness	generated/platform_repository_code_symbols.yaml	338862741779d5d3ba99c5c8af00e106332656bb72401ccf25849f4213c23c9b
tree	svc_awareness	generated/platform_search_annotation_report.yaml	d537c51e96af70c3239117513a0654cb33a0ef2f43cb9658c3e40bb5a3c26ba7
tree	svc_awareness	generated/platform_search_code_edges.yaml	c527ea878da1ffad45a6c915cee79be3c8f8bbfe19ae8b2b2a39caf0c8786636
tree	svc_awareness	generated/platform_search_code_symbols.yaml	502fe0ed91f0ca13bca678394bed13c1e9c235d66da7af7d89149b40b71e6a9e
tree	svc_awareness	generated/platform_security_annotation_report.yaml	dec0445df69db75ba3258b690bd12c77c5d6de93aa14cee8a44be6b50d1b238f
tree	svc_awareness	generated/platform_security_code_edges.yaml	de932d2f7facd49fed1fb03551c04be91ef04f2fc3fa2059df7a1599086e8165
tree	svc_awareness	generated/platform_security_code_symbols.yaml	bec57bddd2b49c9ae7f3701127f2ca939bc8f3b76dbe95d36b5010f56844d085
tree	svc_awareness	generated/platform_storage_annotation_report.yaml	a44bbd5cae9a6b466e407da4696d1e69db74d829fabfd18fafc64925f3bb4ba8
tree	svc_awareness	generated/platform_storage_code_edges.yaml	c527ea878da1ffad45a6c915cee79be3c8f8bbfe19ae8b2b2a39caf0c8786636
tree	svc_awareness	generated/platform_storage_code_symbols.yaml	b4f5e32b23028995c12a6536e63cd7a0fa055584d5a9b4be0562e9a202c13595
tree	svc_awareness	generated/platform_torrent_annotation_report.yaml	001fff01b56ee45b734814df1327cdaa71a2f01590c959abd63a7398a32d1df7
tree	svc_awareness	generated/platform_torrent_code_edges.yaml	410ac4f43601a16bc36cd6cdf1b2d501d54bb8f003a9e60bd919a5d158f0e5ab
tree	svc_awareness	generated/platform_torrent_code_symbols.yaml	f306cf7fb68aea0763965050ed104586392906aaa8791ddfffad83b8675cba90
tree	svc_awareness	generated/platform_verifier_annotation_report.yaml	fca88b9fa6ae60a7cc4f2e2177553390732db5e090deb40ae11a24bc8403fbb3
tree	svc_awareness	generated/platform_verifier_code_edges.yaml	510a40c204dc7bdef208ef6d16a0e19049defb853cadeb8bf62a76bffc1b2b24
tree	svc_awareness	generated/platform_verifier_code_symbols.yaml	75d0bb9b24a3ed908f4263480c6affecea2cda0390fa8446c5706f5236d6467e
tree	svc_awareness	generated/platform_workflow_annotation_report.yaml	70ba407ff15812e38b6158bf7ca007821d4837bccbed4140378bf8561f5011aa
tree	svc_awareness	generated/platform_workflow_code_edges.yaml	bc233670e32a1aa79e75717b70d3d2bcd35e19030e58f0554387ad61a3742aa6
tree	svc_awareness	generated/platform_workflow_code_symbols.yaml	50b7290a832d791bdac82e8dad59fc55a06ba86122d55e7cc6127b360653c578
tree	svc_awareness	generated/python_import_graph.yaml	ea55f9ad43a7f7b5d6e8c8bc04f9c3da952ecfccf760ed2c18d1275a48998c43
tree	svc_awareness	generated/rust_import_graph.yaml	bdb37ed4c6ad1fa31d41e0b077648e5427a186570085b142ba4449e8cef72235
tree	svc_awareness	generated/source_edges.yaml	d63c547d2dc1168a04218cc6888318f1c4918e30e82d5152ef10efb3e4a50086
tree	svc_awareness	generated/source_symbols.yaml	257f07996b1cb0856205f8bf82ea6b27566828cab5f559efe8bd045621134b6b
tree	svc_awareness	generated/tests.yaml	e3dd28f6c494f99336dfe73d25a5ceebb746a7edf2b154c3e7ce4cdd4e81b4c2
tree	svc_awareness	generated/typescript_import_graph.yaml	d23fd682cfc9d30524491524182c51bbb5ce29547ffb5f64afc0edbc7683330e
tree	svc_awareness	generated/web_client_annotation_report.yaml	ffafeddd6eaf1e0a725311ffaa7fa93934fe0e0cde37d1aa9e95e58be12e89d8
tree	svc_awareness	generated/web_client_code_edges.yaml	90f7d52ebab77472957862379b5a41ae91383955c23cd96d10b18af54e93cc9d
tree	svc_awareness	generated/web_client_code_symbols.yaml	34e0900b906d66fd156602091cda95866c87de0ea26a0fc10ac543ce36b75ab4
tree	svc_awareness	guardrails.yaml	0d17531434d311871fa433835a4057cd8f0903a984a56b6fab6b2199594cbc0d
tree	svc_awareness	high_risk_files.yaml	5ae86e0c9f62dd2ce6b4f8c7acdac3b3a2b2615cdebf26d8b838de164bcef2e2
tree	svc_awareness	implementation_patterns/doctor_rule_diagnostic_only.yaml	d063a44b7b63e1faeaede91d39876bd198fee4758b28a90f5bbb2c2b599dc5eb
tree	svc_awareness	implementation_patterns/grpc_client_standard.yaml	24391510271c9f21f8e03649a1eef267691e541d6777c4111d8f7c5aee0f640b
tree	svc_awareness	implementation_patterns/rbac_explicit_deny_precedence.yaml	be6040a3700a0bff20cec8b70fde3ed83519a573626f2ecae7d7e26957fa2eb6
tree	svc_awareness	implementation_patterns/remediation_via_workflow.yaml	0716d74cc3bcb5a85489961336f12db91972191e31aad81924574dfebeacd1aa
tree	svc_awareness	implementation_patterns/repository_metadata_authority.yaml	1bb2ac5505a819ecf0351115223d926b7f77eedde9f80c9abc6a8bf4af6d3f8d
tree	svc_awareness	implementation_patterns/workflow_durable_step_receipt.yaml	396fe104f9face1577261a45e936d3bee0fd65da6fd4d4eee2e4c3f1d5ee4af9
tree	svc_awareness	incident_patterns.yaml	aaade3f97ce0a72a83b83dd0edd6c8ba08bad6568c43c6fb0c3cbd20b51923f7
tree	svc_awareness	incidents/INC-2026-0001-annotation-validator-false-positives.yaml	ad7fad69998bdf14505af63975d0e4351e70049c789b2d9ed5fe22131b3bc32c
tree	svc_awareness	incidents/INC-2026-0001.yaml	ad7fad69998bdf14505af63975d0e4351e70049c789b2d9ed5fe22131b3bc32c
tree	svc_awareness	incidents/INC-2026-0002.yaml	78a7944c7b488dbe5c32579daf31cdac156c5f67ef882e298049faf60a282c7e
tree	svc_awareness	incidents/INC-2026-0003.yaml	f57a2373cbc8115d231b439be1a11f171462664d1004d34a7a23b819b88cb970
tree	svc_awareness	incidents/INC-2026-0004.yaml	d4d2f161019d1b710bd8d8ed7313894f5e49c22c30a5d098904fb3070814670f
tree	svc_awareness	invariants.yaml	26bae40f344034d66a755670eeca23136c57692bf18c15b248756e6a0cd4b734
tree	svc_awareness	knowledge/agent_playbooks.yaml	3a424d032035ef56ab3353bd0dbffab4f0c193d9aa775e6f4921575f43ad256b
tree	svc_awareness	knowledge/causal_rules.yaml	066d1683f6f77795e7ba4fe041cd81a909b0936a76c5f6a647b85710b36da617
tree	svc_awareness	knowledge/decision_rules.yaml	e00fb2c714185f7351a021f03bcf7ba8dada8a71072cc5678d92c4d6e5c0ab3a
tree	svc_awareness	knowledge/dns_zones.yaml	0d4f58539fa26dabf74fc6ba8ad80b15e43642e7aa212ac05ae0e50c6e362f93
tree	svc_awareness	knowledge/metric_queries.yaml	c8ce1285b1e2db50dde6addc82526ff45270651a2af16049046b95941e52d19c
tree	svc_awareness	knowledge/metric_thresholds.yaml	4e01e75a8d5a0731a4878f35ecfa45ec402cf81d0fab04834a5a7c71986ded2d
tree	svc_awareness	knowledge/path_weights.yaml	2dc4fa05f8eaaf96aee7692173c79a6bafe727f54f70fa937bda26762b98c24c
tree	svc_awareness	knowledge/scan_allowlist.yaml	d33f9e099a9d3a68f865d776748e545f3daeca2b819e52c8bf4505798e0fa3e6
tree	svc_awareness	meta_principle_coverage.yaml	09566debc281449b6a4758974706e2e921bc7e7cdd56f898839382a240119e83
tree	svc_awareness	meta_principles.yaml	0c819e48fbff6d452a9024da569e33b3192a352ae4cf86107c6b217f2d09d2a3
tree	svc_awareness	namespaces.yaml	0248bb032bfa4ea304b9707af4ae89cf9c4dd7129c9fdbe8331c4f3265d38d70
tree	svc_awareness	outcomes/inc-2026-0017-wave-blocked-retry.yaml	806fa192fd48e3a0e4a380e9e932e22df698c71d9e158fef746cd30decf6e29d
tree	svc_awareness	outcomes/inc-dell-join-ai-watcher-stuck.yaml	e62e3b408c2a7163f35cbf740298afae623fffa9b275363600a0300da792e843
tree	svc_awareness	outcomes/inc-repository-blob-locality-multinode.yaml	e2cb6fcb2a6ee038bd5a8b6a5356ddeb3b3aeefeadaebc85329461035f4caf7c
tree	svc_awareness	outcomes/remediation-hard-blocked-etcd-delete.yaml	15201ca7e30925a88a66e01cc37df1bae90d57e62d3b0f01fb96596b5abdb7ba
tree	svc_awareness	package_identity_invariants.yaml	0dbfc5344405d0aa551678b3ef40461a597752f80116a3b34922b38345cf9215
tree	svc_awareness	preflight_questions.yaml	c73934db4034b2867392fe8a2babb98d961ab888326e9b1d081d08621ad696b4
tree	svc_awareness	relation_targets.yaml	2b473ed488b95b6658ce19578060cd1e67181ac1455e17281769d0f181a8f8f0
tree	svc_awareness	remediation_contracts.yaml	11653b51aab10a6c5741c6f8ea210fd07f11db5c8055fe49ff4c49c602b42266
tree	svc_awareness	repair_plans/declare_hosted_services_and_regenerate_xds_routes.yaml	f43c9ca67dc13f26d11853cb83a961f7a079c8dee540de37e31541142b813d84
tree	svc_awareness	repair_plans/doctor_finding_requires_remediation.yaml	8eb635d0f6b499bccf050680709d689993aa55a7cc6cf8055da8d6d3d5bb5c11
tree	svc_awareness	repair_plans/rbac_permission_regression.yaml	dbdba59c8ca18904d8d76a5b5a5e3990d3f0c72c75857b4d86afa22589b64e7e
tree	svc_awareness	repair_plans/recover_stuck_behavioral_schema_migration.yaml	f4d6952237d4c1f35b9f18d165b938ba44e1122bc2b0cdfd6095211748928c69
tree	svc_awareness	repair_plans/repository_artifact_lifecycle_stuck.yaml	0d15e1145cc3da6b778a927e7cf378e4474381e5b53aff221201df4339eedf31
tree	svc_awareness	repair_plans/runtime_evidence_stale_or_conflicting.yaml	d7270bde2a9a8f57bb0d1c975491995189379a6d2823de07e7b30d880b0ecde0
tree	svc_awareness	repair_plans/workflow_resume_blocked_step.yaml	a726382d958183924ae746e66acba36edf3ed35f989da1691e48fad45a7f9c27
tree	svc_awareness	repository_artifact_authority_invariants.yaml	a3800337929350b3c2497fac260a0965f8b8ad4bc3a9c9e58ab81d3a9bdc14d0
tree	svc_awareness	required_tests.yaml	2c43860c2396e41c4c809152081062714e4bfd4ec7afe82592ba5cc8e06041e1
tree	svc_awareness	required_tests_dogfood.yaml	6800eebb519415290f8f091ce05877b0c2552403ecd9e322d05c9edab514efde
tree	svc_awareness	runtime_evidence.yaml	c1e275e308aa59c9ecbd635ed0273614141cd18c683f205440c8a875abf39f63
tree	svc_awareness	services.yaml	8cacf2e892df99819a375a5e6d83ee1f74b85f02c0531f4548d1fd935e88ba07
tree	svc_awareness	status_tracker.yaml	e57b8fb647ff3665311817c385e7b501e394b9d6ec3a70c558f77060c0841216
tree	svc_awareness	subsystem_boundaries.yaml	e146c4c8183deef201e85f90dcd5b0244b8a7205645cf9497d1cb58b834ea51d
tree	svc_awareness	typescript_client_invariants.yaml	9b58c795c317d56391c47c8d28871981b3c7e498a349aefd68d5881e116efcb7
tree	svc_generated_filtered	components.yaml	44d73853c5afda665f1568aa6831f36417aaa4fa4331bd13c4b3fcdb98ad46c8
tree	svc_generated_filtered	contract_consumption.yaml	c7dc7e9926808394894c1c6735bd9cddee6e93ec8a71124c61b0c5014d3a2bf7
tree	svc_generated_filtered	contracts.yaml	1b9115bcbb6e3076310d3a03efa46418e2d268d0ac9fcb26bba94576afe099a4
tree	svc_generated_filtered	echo_service_annotation_report.yaml	c29ff61fe9b64a419c2e578b9620ac5700522f9de20719c07527aeb5a3a0fb06
tree	svc_generated_filtered	echo_service_code_edges.yaml	d2fac370f5a21c08f02a2b597d50094c6e69370f02446605773f8ea494943405
tree	svc_generated_filtered	echo_service_code_symbols.yaml	1dbdefa9f396deda4ffda71ad7cf411b6cdff072f6a5cae724c7bbeb84d17ae8
tree	svc_generated_filtered	go_import_graph.yaml	e706e6fb76e80ad0b9282a963134e10a3d0788a3dfb894da48a89d8b6851eb9d
tree	svc_generated_filtered	http_contracts.yaml	60255af87d751974c84fcf52cfc5b80fbf29e23d8fbfdedf3ba9af3da7c8cdef
tree	svc_generated_filtered	package_awareness_contracts.yaml	78692ecf82ec69baddc1a930e39e8fb2936ca2cf3eea0a50ce55198e0c967309
tree	svc_generated_filtered	platform_ai_executor_annotation_report.yaml	00ba05d16ea77480dc2c883bccdc8cd2041caed548901a16e7e4d9b722d5815c
tree	svc_generated_filtered	platform_ai_executor_code_edges.yaml	67656a870c9b407b15a44390e6b6f343623920babcb28c847786fcc7b4e2242f
tree	svc_generated_filtered	platform_ai_executor_code_symbols.yaml	78a5cf12661b0e1d7842c1f162aef8e667a0d1ac5e537765a2d8c2dbbd1e7b79
tree	svc_generated_filtered	platform_ai_memory_annotation_report.yaml	fcf41d86ccb0bfab46bb5c15d49c4355327920db5bb6deef8ee53738cbe5e2e2
tree	svc_generated_filtered	platform_ai_memory_code_edges.yaml	743d558fae55313df68686be3690be0129187f1702624151b03060ae7470f983
tree	svc_generated_filtered	platform_ai_memory_code_symbols.yaml	81ae6f83b4a42acfd0ae3f17476c422346fffe532dadf89b6935e9f5153a20e9
tree	svc_generated_filtered	platform_ai_router_annotation_report.yaml	ec9f98e616ce1b032c07cf59f2f2a0e2bca7905da5422eb1c9b564a88da9f4f5
tree	svc_generated_filtered	platform_ai_router_code_edges.yaml	c91118b8a4ef802290ed8ecb83cb7bf4f524aea6b9d273b959b0809377913f04
tree	svc_generated_filtered	platform_ai_router_code_symbols.yaml	d2f54c4f982c0fba0f14d8204d70b935c373eed76864b843ab9af882f9c63e93
tree	svc_generated_filtered	platform_ai_watcher_annotation_report.yaml	a250004fcf25fa9028a8f4d6b63a31119c20d975cbc1dd662da1f50887500f07
tree	svc_generated_filtered	platform_ai_watcher_code_edges.yaml	263e9720bbc10780772bcda53ff4968b97246719c3357192ec9521f0aeae840c
tree	svc_generated_filtered	platform_ai_watcher_code_symbols.yaml	ed07c039bf3c8f3da3405d796a04be96ba17283508c03f44033a709437320155
tree	svc_generated_filtered	platform_attestation_annotation_report.yaml	58f39b3ade09b3c9b375f6dcb0416363ab736799e2ed5a013454eb043562cb09
tree	svc_generated_filtered	platform_attestation_code_edges.yaml	c527ea878da1ffad45a6c915cee79be3c8f8bbfe19ae8b2b2a39caf0c8786636
tree	svc_generated_filtered	platform_attestation_code_symbols.yaml	35d0455531c9a768627967b9e1424bc3d7cc5bce21bf3047b5b8614f7a435b61
tree	svc_generated_filtered	platform_audittrail_annotation_report.yaml	8fc26f817fd81550677ed492c5893d7531178f4ef5bd1ae9f5996ebdf39e9f1b
tree	svc_generated_filtered	platform_audittrail_code_edges.yaml	c527ea878da1ffad45a6c915cee79be3c8f8bbfe19ae8b2b2a39caf0c8786636
tree	svc_generated_filtered	platform_audittrail_code_symbols.yaml	7dc2e849b44baece779ea1761b97522886869fc5ccee06fbccf069a63d74e1df
tree	svc_generated_filtered	platform_authentication_annotation_report.yaml	07a52235119c2d1d17abb643d2acc05824b8a9b6ed2d5e1bd861b90a671e2460
tree	svc_generated_filtered	platform_authentication_code_edges.yaml	b337aadd434b97dcada4dd99612edd8ada9113a4ba1edf5d38305ac099731027
tree	svc_generated_filtered	platform_authentication_code_symbols.yaml	33af934098ff7ded59f7e5451cd880a13034e8c98ed67c4f0e1434305573c694
tree	svc_generated_filtered	platform_backup_annotation_report.yaml	88505c2a82a66c546e9be13d7cb3f5696ea0112800ac866d55a17ac7f3ed673b
tree	svc_generated_filtered	platform_backup_code_edges.yaml	558bc608532e5b2465a7004fd2ca84b5063a7c214b614815eef7c24c2b194d90
tree	svc_generated_filtered	platform_backup_code_symbols.yaml	d5ecb89dcd22fd2cc8488dadf9d5aebf8ac0093e73524ac4637cc71a74a80637
tree	svc_generated_filtered	platform_cluster_doctor_annotation_report.yaml	bec8e7bead1daa787429d138379fce9acc5cc01c6fc1abc4ff5a7b02d87ace50
tree	svc_generated_filtered	platform_cluster_doctor_code_edges.yaml	53863dab41ce31333bee6f9f81c4d0a94e14c2615793d4d851686c2f2c15b3cc
tree	svc_generated_filtered	platform_cluster_doctor_code_symbols.yaml	122b2016a78e8246928ea991dde07684bc9f09d3b48ba1cd6c13b24d20bfbe86
tree	svc_generated_filtered	platform_config_annotation_report.yaml	5527e24eb14ba9200842e08bdede7ca951d00e27240bb37d9e5501b7b2cb3e11
tree	svc_generated_filtered	platform_config_code_edges.yaml	eed0793e00434b38e7b354e03ccbd9c442868d9c5426b74a02fbb47dfd3d5c90
tree	svc_generated_filtered	platform_config_code_symbols.yaml	869291a3daab846e4246681d9b57e7f87866627c5160f30356b480a6bbe5f1b1
tree	svc_generated_filtered	platform_controller_annotation_report.yaml	64d27d149129dd09a687a8456499b65918bb460fd5e5d4fe4780bdf34a8462d1
tree	svc_generated_filtered	platform_controller_code_edges.yaml	8203127c135fcf6240383cd0ba5b4c77837da9c7276e35a77a7262c3001aaa5f
tree	svc_generated_filtered	platform_controller_code_symbols.yaml	05caae1b4db685cb7e67ddcf82754031dce6a39c94af0ef37f8a6ed286d1f01a
tree	svc_generated_filtered	platform_dependency_annotation_report.yaml	58f77a79c276a3158f52d841b01c63037ee391372d954e26e40a578fa36596cf
tree	svc_generated_filtered	platform_dependency_code_edges.yaml	c527ea878da1ffad45a6c915cee79be3c8f8bbfe19ae8b2b2a39caf0c8786636
tree	svc_generated_filtered	platform_dependency_code_symbols.yaml	9a44b4407138c3d49d65d8b61b1cd3ec439137dfb509620df1b446135268a712
tree	svc_generated_filtered	platform_dns_annotation_report.yaml	f6d62ce2e365d6912dbd9700a4bd52a730fa96bd2e9bff07a816c4ed51c90025
tree	svc_generated_filtered	platform_dns_code_edges.yaml	cd92dd519c6319c0fe46008e33079351e04233edca924fd8f99885e79291b182
tree	svc_generated_filtered	platform_dns_code_symbols.yaml	5f6c1b75ae7f03f808884bef85eedaf654759b87557d096a30f779c4423170ab
tree	svc_generated_filtered	platform_domain_annotation_report.yaml	cb63718766d4726ae5b19c5d506299722ca620076b837cc587ce1ecb9f2bab05
tree	svc_generated_filtered	platform_domain_code_edges.yaml	b8597391247d785e27fad41fa9608345b54ba283205be65e1737bb299a52ff07
tree	svc_generated_filtered	platform_domain_code_symbols.yaml	d8af1a296632237c1bfeb453418eb61e9fbd68c221b8cd0e107189ff555a0d24
tree	svc_generated_filtered	platform_event_annotation_report.yaml	1668418edda43a1f9766e2a29b2ddd3d61778119bf2d570a7b36897dd2b6b25c
tree	svc_generated_filtered	platform_event_code_edges.yaml	a0491ef5d96ad1ff0595258b7efb140dab955b6907917e1e14264e106cf86b89
tree	svc_generated_filtered	platform_event_code_symbols.yaml	d6990589c5888822bc46fc1bb4575817feb8e0a51ee265a02df71bc3457f5fe7
tree	svc_generated_filtered	platform_evidence_annotation_report.yaml	d95a90ecc78a8e1886f3ebb8f9bb48ddb426d4cc091920db0985f7bfa921a390
tree	svc_generated_filtered	platform_evidence_code_edges.yaml	c527ea878da1ffad45a6c915cee79be3c8f8bbfe19ae8b2b2a39caf0c8786636
tree	svc_generated_filtered	platform_evidence_code_symbols.yaml	67da837e1b6e1a2ad8ec8734ee27f69f9d5ba8d926150b615e93ee80f921a001
tree	svc_generated_filtered	platform_file_annotation_report.yaml	aee7b59f403c14397a837aa5c01f411d02a053b43fc599f095a8c5997f3ba623
tree	svc_generated_filtered	platform_file_code_edges.yaml	c527ea878da1ffad45a6c915cee79be3c8f8bbfe19ae8b2b2a39caf0c8786636
tree	svc_generated_filtered	platform_file_code_symbols.yaml	aa783b43df033cf1bc0d802829095c81428174d1c61cff408cbdcf69f2ea9ac2
tree	svc_generated_filtered	platform_globular_annotation_report.yaml	3834e21832cb932eff30366eaae0dfc69780abeaca7426ee93ee8b42d8362a10
tree	svc_generated_filtered	platform_globular_code_edges.yaml	c527ea878da1ffad45a6c915cee79be3c8f8bbfe19ae8b2b2a39caf0c8786636
tree	svc_generated_filtered	platform_globular_code_symbols.yaml	a57434d98d2210dca08a82438734e58c5212ffd9ee55b7d8302d9f6c3cfc912c
tree	svc_generated_filtered	platform_globularcli_annotation_report.yaml	25242b4fcbdc53c0bebe9a53cda80bc950d582f8146ca037042108431ee34cbe
tree	svc_generated_filtered	platform_globularcli_code_edges.yaml	e7b3638e43b08ed4bfae730e11325e9ee34ec431dd2df6711d42c7f77867780a
tree	svc_generated_filtered	platform_globularcli_code_symbols.yaml	421859da29fbb146e341bdbdbb64c832e6875f2fcea62c71ec89a47820f31f53
tree	svc_generated_filtered	platform_identity_annotation_report.yaml	851c7b4f310dafc44b041c434ac7e13ce53bc42e1ba075a203553f26c9b6f042
tree	svc_generated_filtered	platform_identity_code_edges.yaml	c527ea878da1ffad45a6c915cee79be3c8f8bbfe19ae8b2b2a39caf0c8786636
tree	svc_generated_filtered	platform_identity_code_symbols.yaml	1343b891aff4f735d6feb9af2e871208aa93fad01a970f9907763a71bb274601
tree	svc_generated_filtered	platform_installed_state_annotation_report.yaml	533b5da90fd6ae0c5cd64869c5145f78086b06e01f7d8caa2345bd0eae695d7f
tree	svc_generated_filtered	platform_installed_state_code_edges.yaml	03c4d306b41d27279a077dff375e9eab2f3fb0380145ec4950bd8dae41f4706c
tree	svc_generated_filtered	platform_installed_state_code_symbols.yaml	9a1332ea8ebd452ffcc97695833d47e1e454585a334a0ed73a391455b44dc798
tree	svc_generated_filtered	platform_interceptors_annotation_report.yaml	393bf2afe7857e3630948fb7e92759c2bfad4f1264e8e9aac5a9b86a5db2552e
tree	svc_generated_filtered	platform_interceptors_code_edges.yaml	7d2018d08695f29a5b78fa2859f2d7b8ab7161453cd08685a2ab203b93bf36c4
tree	svc_generated_filtered	platform_interceptors_code_symbols.yaml	c57b61ed881a9cc7689ab69d7713675b24f2192011a242645c3b420feafa619d
tree	svc_generated_filtered	platform_mcp_annotation_report.yaml	daf6ba15d54c10b138b33636037211ba87e763c4c254ebf9138a3b6eba8981ef
tree	svc_generated_filtered	platform_mcp_code_edges.yaml	984424fc69ae5983ebffab75349cc07c32a33340c9567c32a9d7288d3a95ed28
tree	svc_generated_filtered	platform_mcp_code_symbols.yaml	d133887b5248e447dc9ce3e4a8644aa0635500388c17ce4ed98d8d2f47efc71c
tree	svc_generated_filtered	platform_monitoring_annotation_report.yaml	03c06755ae63fc9d339e776b14e2b8b49e153caab13e6fada615afab81db4fcd
tree	svc_generated_filtered	platform_monitoring_code_edges.yaml	c527ea878da1ffad45a6c915cee79be3c8f8bbfe19ae8b2b2a39caf0c8786636
tree	svc_generated_filtered	platform_monitoring_code_symbols.yaml	9578e3f55800047410d63102d85bc50d5df8cb94ce8410d0099e624b2b49eee1
tree	svc_generated_filtered	platform_node_agent_annotation_report.yaml	4ee271e1f3f9e3bf3bc40ea02af167b566aa1c7d492f41f6525763f265c4a2ba
tree	svc_generated_filtered	platform_node_agent_code_edges.yaml	6ec8c9a0c7755660f68fb7a35bf3e850eb3bebd937225212f3758ad6d5febee6
tree	svc_generated_filtered	platform_node_agent_code_symbols.yaml	c51acaa137376a46dd36b678411f507814616d121af6b7542e3a992da810f6cb
tree	svc_generated_filtered	platform_pki_annotation_report.yaml	f78c678cdaac4b1c7ed394524910770b6021dcd954919f843b121c6ceff01a84
tree	svc_generated_filtered	platform_pki_code_edges.yaml	bd48e012223d64d3a0e91c9e2d266cad065178adad073335360c9bb9b42d49f1
tree	svc_generated_filtered	platform_pki_code_symbols.yaml	ec092385cd1b388403b37bbaf6593a6657d18e73df14a2bf82df111e673c18a8
tree	svc_generated_filtered	platform_rbac_annotation_report.yaml	d01ed1dbf78314c9dbaa96963a4868d4a7e258540ec53e36d60f3b152b8a3703
tree	svc_generated_filtered	platform_rbac_code_edges.yaml	35bb98e974088c2eaa44c4fd8fbe1c2f3bdddab5b8eded5f45b51ce63e85d2fd
tree	svc_generated_filtered	platform_rbac_code_symbols.yaml	632962b2a21b500a942b2f4c07df19ad8c22a05eeb55e0ad21ae173b7ba9e0b2
tree	svc_generated_filtered	platform_remediation_annotation_report.yaml	e2ae2cfd3b1399c8e69cd37616b51a864eb2e42af2808a512137dc3686ec5e2f
tree	svc_generated_filtered	platform_remediation_code_edges.yaml	c527ea878da1ffad45a6c915cee79be3c8f8bbfe19ae8b2b2a39caf0c8786636
tree	svc_generated_filtered	platform_remediation_code_symbols.yaml	9d46cd3b1c95fb2efa0d17d71d41ced23bd588e8a89aeb9f270b75ffd9608591
tree	svc_generated_filtered	platform_repository_annotation_report.yaml	f85940a65311aeeab2064f9d17fb41733dbd5a61de36df47444f08d129afedf4
tree	svc_generated_filtered	platform_repository_code_edges.yaml	d1879d02d49bcf2ff779b6f67c6df4d022c3017f7c15c81615bf964605ed717f
tree	svc_generated_filtered	platform_repository_code_symbols.yaml	338862741779d5d3ba99c5c8af00e106332656bb72401ccf25849f4213c23c9b
tree	svc_generated_filtered	platform_search_annotation_report.yaml	d537c51e96af70c3239117513a0654cb33a0ef2f43cb9658c3e40bb5a3c26ba7
tree	svc_generated_filtered	platform_search_code_edges.yaml	c527ea878da1ffad45a6c915cee79be3c8f8bbfe19ae8b2b2a39caf0c8786636
tree	svc_generated_filtered	platform_search_code_symbols.yaml	502fe0ed91f0ca13bca678394bed13c1e9c235d66da7af7d89149b40b71e6a9e
tree	svc_generated_filtered	platform_security_annotation_report.yaml	dec0445df69db75ba3258b690bd12c77c5d6de93aa14cee8a44be6b50d1b238f
tree	svc_generated_filtered	platform_security_code_edges.yaml	de932d2f7facd49fed1fb03551c04be91ef04f2fc3fa2059df7a1599086e8165
tree	svc_generated_filtered	platform_security_code_symbols.yaml	bec57bddd2b49c9ae7f3701127f2ca939bc8f3b76dbe95d36b5010f56844d085
tree	svc_generated_filtered	platform_storage_annotation_report.yaml	a44bbd5cae9a6b466e407da4696d1e69db74d829fabfd18fafc64925f3bb4ba8
tree	svc_generated_filtered	platform_storage_code_edges.yaml	c527ea878da1ffad45a6c915cee79be3c8f8bbfe19ae8b2b2a39caf0c8786636
tree	svc_generated_filtered	platform_storage_code_symbols.yaml	b4f5e32b23028995c12a6536e63cd7a0fa055584d5a9b4be0562e9a202c13595
tree	svc_generated_filtered	platform_torrent_annotation_report.yaml	001fff01b56ee45b734814df1327cdaa71a2f01590c959abd63a7398a32d1df7
tree	svc_generated_filtered	platform_torrent_code_edges.yaml	410ac4f43601a16bc36cd6cdf1b2d501d54bb8f003a9e60bd919a5d158f0e5ab
tree	svc_generated_filtered	platform_torrent_code_symbols.yaml	f306cf7fb68aea0763965050ed104586392906aaa8791ddfffad83b8675cba90
tree	svc_generated_filtered	platform_verifier_annotation_report.yaml	fca88b9fa6ae60a7cc4f2e2177553390732db5e090deb40ae11a24bc8403fbb3
tree	svc_generated_filtered	platform_verifier_code_edges.yaml	510a40c204dc7bdef208ef6d16a0e19049defb853cadeb8bf62a76bffc1b2b24
tree	svc_generated_filtered	platform_verifier_code_symbols.yaml	75d0bb9b24a3ed908f4263480c6affecea2cda0390fa8446c5706f5236d6467e
tree	svc_generated_filtered	platform_workflow_annotation_report.yaml	70ba407ff15812e38b6158bf7ca007821d4837bccbed4140378bf8561f5011aa
tree	svc_generated_filtered	platform_workflow_code_edges.yaml	bc233670e32a1aa79e75717b70d3d2bcd35e19030e58f0554387ad61a3742aa6
tree	svc_generated_filtered	platform_workflow_code_symbols.yaml	50b7290a832d791bdac82e8dad59fc55a06ba86122d55e7cc6127b360653c578
tree	svc_generated_filtered	python_import_graph.yaml	ea55f9ad43a7f7b5d6e8c8bc04f9c3da952ecfccf760ed2c18d1275a48998c43
tree	svc_generated_filtered	rust_import_graph.yaml	bdb37ed4c6ad1fa31d41e0b077648e5427a186570085b142ba4449e8cef72235
tree	svc_generated_filtered	source_edges.yaml	d63c547d2dc1168a04218cc6888318f1c4918e30e82d5152ef10efb3e4a50086
tree	svc_generated_filtered	source_symbols.yaml	257f07996b1cb0856205f8bf82ea6b27566828cab5f559efe8bd045621134b6b
tree	svc_generated_filtered	tests.yaml	e3dd28f6c494f99336dfe73d25a5ceebb746a7edf2b154c3e7ce4cdd4e81b4c2
tree	svc_generated_filtered	typescript_import_graph.yaml	d23fd682cfc9d30524491524182c51bbb5ce29547ffb5f64afc0edbc7683330e
tree	svc_generated_filtered	web_client_annotation_report.yaml	ffafeddd6eaf1e0a725311ffaa7fa93934fe0e0cde37d1aa9e95e58be12e89d8
tree	svc_generated_filtered	web_client_code_edges.yaml	90f7d52ebab77472957862379b5a41ae91383955c23cd96d10b18af54e93cc9d
tree	svc_generated_filtered	web_client_code_symbols.yaml	34e0900b906d66fd156602091cda95866c87de0ea26a0fc10ac543ce36b75ab4
tree	svc_intent	admin_console.objectstore_topology_screen_contract.yaml	9bc2ccf13e85a2ead92c9fe6ebb8a8515206399e9e905e0770a6f77ec9088fe6
tree	svc_intent	admin_ui.actions_are_operator_requests_not_direct_state_mutations.yaml	1c9e68383048f4a2a6a33ef29c0cf262f3df7b6e56a7180952adf9252018f050
tree	svc_intent	ai.decision_tier.gates_execution.yaml	c19f872692cd2464ba91d39151449033a1c1f48e49d784123eaaed411621ab40
tree	svc_intent	ai.high_risk_diagnosis_always_escalates_to_notify_admin.yaml	2280492ef5392810861b06a3e60246d80b6c6b90903d415c2895c11b4a019f06
tree	svc_intent	ai.memory.authority_is_domain_relative.yaml	1eaa8d645edd185eb654d5c60acd7f5e16795aafc0eea66f188e4fddd1d50ef3
tree	svc_intent	ai.memory.outcome_history_not_cluster_authority.yaml	71e7ef6ee022e868a04bbba30f212ad1c2c5f5926cf91c43baa88895ade443d6
tree	svc_intent	ai.memory_queried_before_claude_to_boost_confidence.yaml	094a5f580f82f32b851387696dff38c4a8aacf9291c6d7c250d11dc6a7eb160b
tree	svc_intent	ai.memory_seed_entries_immutable_except_sa_subject.yaml	070bd2afea5633acff2c05315e1fc3d24364cfb6d099f6d58cdfd5d5daf7f800
tree	svc_intent	ai.remediation_actions_dispatched_via_event_bus_not_direct_rpc.yaml	523a60ba71501f21364d149b7e610934fda8f05176aa1658093789f8937d7ce3
tree	svc_intent	ai.router_safety_validator_overrides_scoring_engine.yaml	f87dfeb20789b6a5b0297c4f0006b6c365a4e2bdfcd95aaec390374d04602f37
tree	svc_intent	ai.supplementary_not_required.yaml	7581126462cddbf445d0cecb53fc14d12074c9c88be70226ccdfd039255d60de
tree	svc_intent	ai.watcher_to_executor_causal_chain.yaml	3e987c74e2e239d963a33b499e2f759c20ede905d2604de4c387c79aa552c8d1
tree	svc_intent	api.grpc_contracts_are_operational_surface.yaml	878294935d8015620f9c66700393ca925ba943f4ace805e15aa2fcefdb9302de
tree	svc_intent	audit.every_authority_change_is_explainable.yaml	33ba34c6b56d92c6e3086cf923334e4db0d6aa069c50e17c58b6aaf7268b0d91
tree	svc_intent	audit.retention_and_correlation_policy.yaml	145008656d9072cc5a0cb571c2c4397de67349955c35634bf41df91673934b0e
tree	svc_intent	authentication.identity_strips_domain_suffix.yaml	504f4611a028d1a85d7efb63338f94b6dec95d8dfc9ca5bb35564076a421374e
tree	svc_intent	authentication.mtls_and_jwt_serve_different_trust_layers.yaml	431cff36fd85194b5f60e628bf6b8a2043ef59f4ebbffc337216271225805432
tree	svc_intent	authentication.single_issuance_point_for_session_tokens.yaml	43abeaab5339749085437cb967ad9041536042183b3771a5700a79656c84ae0e
tree	svc_intent	authentication.token_refresh_is_bounded_to_seven_days.yaml	c9d66572827da34198d0b2c813398265390ed5929642f373cc1a3cabb86d6026
tree	svc_intent	autonomy.remediation_is_bounded_and_escalates.yaml	860b9cea6ac7986ef3d2a453df819b004cf51b695c1bfb70cc724a8ae6441f7c
tree	svc_intent	availability.serving_services_declare_degradation_mode.yaml	eb5f887efdc857e7c78a5952dcc105657680f6134c456abae2e160f9abf4a32d
tree	svc_intent	awareness.architectural_memory_not_semantic_engine.yaml	9706041a3297eaefe368ab202ac35f57bf05f8a493f604dc61de033d625099d6
tree	svc_intent	awareness.briefing_returns_explicit_status.yaml	7c8b660dd894aa4b135cf3b2ccd9860e61a2231ada7123e8dd217f8be32bb145
tree	svc_intent	awareness.compiled_graph_must_match_sources.yaml	2f6cc98c9b36bdb19b329369b91727598dd7d3a5c2469cdce8795b16070e9e8c
tree	svc_intent	awareness.graph_is_compiled_context_not_authority.yaml	f30ef111a366ede41552829faf1dd3325112c5fa890139349018c49de746d84a
tree	svc_intent	awareness.impact_distinguishes_direct_and_inferred.yaml	c72c419ba7eacdc55e91e1395e5e7d428644e0d0d412f334a340d4c7aaca7906
tree	svc_intent	awareness.intent_lifecycle_is_explicit.yaml	28ba3b881dfc87390769470272f3196c10897d6c79aab95f4b15c559149779b0
tree	svc_intent	awareness.intent_schema_is_enforced.yaml	37598636da189b5e837daabc37c4a5cad7baf74a333c9d4a2fc08a2899102628
tree	svc_intent	awareness.loadnt_validates_before_loading.yaml	ad2fa398031b44f06c20102bd612acf56eda8d996fe55a78e0f975f24fc0931c
tree	svc_intent	awareness.mcp_bridge_exposes_safe_tools_only.yaml	e5d658c8daacae5cf25daf1e93e8c350e1cc83522f6ed283eb2892ac20293d40
tree	svc_intent	awareness.mcp_tools_use_gateway_client_pool.yaml	6dd181fa9df88cde68f7c8c7b7662cdb0592bf3a6c082fb5082e41ec07afa20f
tree	svc_intent	awareness.multi_language_extraction.yaml	1c989e446e8062992913050263e7d0f4510ed393b4813e00b8ca2e125536b6e0
tree	svc_intent	awareness.oxigraph_is_external_runtime_state.yaml	4e7fe50cd112a1bc95a4187a4012ddaf0d8d7d0003c5a4c3d4294b4b211160a0
tree	svc_intent	awareness.preflight_before_edit.yaml	e5be7de9a6cd0feac4485b583099feb17e3ef1cfc6a8c433a306f0c0b9ff440a
tree	svc_intent	awareness.query_does_not_expose_arbitrary_sparql.yaml	3ef530606e2953132abae63ed9a0de0ba6e537f74a10488c6462546a5911051c
tree	svc_intent	awareness.resolve_returns_precise_node_by_class_and_id.yaml	027c104aad07828bc04e170c63e427e7618b54bff32afad7e0507e69588a6ed9
tree	svc_intent	awareness.runtime_evidence_must_be_fresh.yaml	b71451bf352382e35c464568a28b773a548049e5dc7772376838e61f88c8f081
tree	svc_intent	awareness.unknown_impact_is_signal.yaml	fde2dcc21396efa2ca20a4f45ebdf5cfcfe4046802173bbbeb42b4b1fd6e93fa
tree	svc_intent	awareness.yaml2nt_produces_deterministic_output.yaml	b568549f1f65f93a27c376657ca8b9dbf3d5162a05c516bf14eaaecf9eeb7fff
tree	svc_intent	awareness.yaml_importer_does_not_silently_skip_in_strict_mode.yaml	cc15956f03ba67e7854b92e5b538392be084fdd6feb8c8b3c51dd7684c814a21
tree	svc_intent	backup.capsule_quality_is_monotonic.yaml	a3c272a6609aaa5d07a0e4e81177dc8985bc0e9dde9b716a20a4b6f0e4363627
tree	svc_intent	backup.cluster_lock_serializes_backup_execution.yaml	429f6f464a20f3aeaf93d355999e305b4153972f3366a1bd97e30547cbf14f9d
tree	svc_intent	backup.job_fsm_orphan_recovery.yaml	4f61eb89fd14740905940d0010bc28987bfed1b557fbbc86dae1de6a6d507f93
tree	svc_intent	backup.must_be_restorable_not_just_taken.yaml	f57b0e5e7b878a5a0ee11a3ff40670419d77bd8cfe9e4184b62bac7b06fd86f1
tree	svc_intent	backup.node_fanout_isolates_per_node_data.yaml	3f3f78525d6ee5606c0c28c1db728973a155900ded0233a06d70be6fd5a89549
tree	svc_intent	backup.provider_results_are_explicit.yaml	e51c45449de76c6b798944cf547a21a091c92b80ea510ddaef0d9b7cb28115fc
tree	svc_intent	backup.recovery_capsule_is_independent.yaml	5a940c187606c77acc7f706c232c254a27c5d24a737aaf7eb93a050bafbeba9c
tree	svc_intent	backup.retention_preserves_restore_tested_floor.yaml	42549a7065df403924cf6f4ad334fc38f9f0645eaa649c84d8a3892c0ef91a47
tree	svc_intent	bootstrap.window_is_not_steady_state_auth.yaml	f06902098606a83faf77bbc2faf880b751de08dcc2a947fd4bfa95805b7de5e8
tree	svc_intent	channels_are_selection_policy_not_identity.yaml	0e0fe5bc8ea854a48bd536229426cad5db9739ea643f2e5b193d6689f9bbf7e0
tree	svc_intent	circuit_breakers_protect_convergence.yaml	667a4d46b953db68fd1990f8bd96475cceda16d60fd58da4d3bf84b9f887dd38
tree	svc_intent	cluster.membership.earned_trust.yaml	a7a04c499219eaa0b2a6df77ee9f1212d9dc9a61fb0946339d0c075eaff2986d
tree	svc_intent	config.operator_ownership_is_preserved.yaml	c193aefedbd1802b4c2c0965422c993017f5390d2e806d6343546ac54e78f50f
tree	svc_intent	controller.apply_package_release_must_carry_expected_sha256.yaml	72f798f37f56c10906d721dd6ebdf35fc23935e6681f70b57b5dccf129e56e9f
tree	svc_intent	controller.decides_but_does_not_execute_leaf_work.yaml	ef782ea20ad32fc79b4f51403c8ec34ed2e44ce12abf23925962d3cb55696582
tree	svc_intent	controller.join_lifecycle_fsm_gates_cluster_decisions.yaml	63154955cb5ef3adc5d14134df92e1f54cef7c2c93c75be82fcbc8bf0cad2a06
tree	svc_intent	controller.leader_election_gates_all_writes.yaml	62fef68cf8c47f9ec3e165bb9977d0a1d44d3f132c3e6113b4860a5ba54ce2cf
tree	svc_intent	controller.leader_proxy_makes_writes_transparent.yaml	81c4182d41ccb22e6343bf6b76c413318c2a6fd2deb5196ea30efecda5035f6b
tree	svc_intent	controller.posture_suppresses_rollouts_during_recovery.yaml	7d20e1ad04dac84ced5d12806f93b9ef98aa7633ae3813cc5fee8aa189e9e5e6
tree	svc_intent	controller.topology_safety_blocks_unsafe_drift_actions.yaml	5f97001cd92f92c29a23cc3b40682f6c58fcfcec4b5b32b1a006bcb67d3f90fd
tree	svc_intent	day0_day1_are_repeatable_ceremonies.yaml	da6a99bff128cbd94d74c1192a859f4e941c32bfd07e07aca27f17678db08cf8
tree	svc_intent	day2_operations_are_routine_not_heroics.yaml	7aa64157c65cea28117f6d8e3540404e3e7e3184ea8994584c53edde3f5d9a02
tree	svc_intent	degraded_is_explicit_not_hidden.yaml	fefe8c858c1c3414eaf68b79169d001e473010c0c1847953447b225fae4206d3
tree	svc_intent	delete_requires_explicit_intent_marker.yaml	6616474f5f485933a7498295fce86078f0d78fc872f0a86497e8b4c3de080dc8
tree	svc_intent	deployment.automatic_rollback_is_forbidden.yaml	ac7c9d7ff2f010bf92b5902dc78f79dca3a77d97f06282235209135ed6b1bd68
tree	svc_intent	deployment.escalator_principle.yaml	91dfcc07f2340861c85e031054e73d7d6eda83958a4a00a15fb6e632cdf16104
tree	svc_intent	desired.build_id_immutable_after_resolution.yaml	bca3606ded22eb9327aa6cb28df84ad74624b0f95e2d5d448759758a65604e1b
tree	svc_intent	desired_hash.is_convergence_identity.yaml	2e1433616f6c3db699b93ebad0ae205e49f9b7d63cbb8db895888df0b0989c18
tree	svc_intent	desired_state.is_authority.yaml	c2b60f848d3745f1e0883bd832d63decfa963bd0e8745ad96ea0c5562aed5cca
tree	svc_intent	dns.domain_names_normalize_before_storage.yaml	f613086f83d8b5fde775f47a1c5a8a8574ebdc2b4ee80577884ed0d990d18fd4
tree	svc_intent	dns.record_deletion_cascades_to_rbac.yaml	ab5800736ae7d499df4f8a9b83d791b270ed91853f411703715379f48df51265
tree	svc_intent	dns.record_operations_are_health_gated.yaml	c4bf652fdd529f6ab668ee36c03d7b0476e9d0f2ffce7584cfc9ce4efdb45087
tree	svc_intent	dns.zone_list_never_regresses_to_empty.yaml	a625c8bbf6201669fc00349ab261c2af8be5ad2071c78e85a816475666808d2e
tree	svc_intent	dns.zone_state_mirrors_to_etcd_for_recovery.yaml	21d4249d7912f12b8f27699dd813fac3de271fb8eff8b9f4006f86148b682cb9
tree	svc_intent	dns_pki.explicit_identity_over_convenient_routing.yaml	2840e24e582bb2b7c3df482ee81d41e5e539b0c019a0a381a1469ffd228bf614
tree	svc_intent	doctor.findings_are_operator_language.yaml	0814d36f43e7214ba81a8d1ff517050d27e22654e9581e4c880636bad13dc464
tree	svc_intent	domain.acme_account_is_persisted_to_prevent_registration_loops.yaml	aa650a1612a8348378dc919c583fec2959004714bbd032df6e4337f48f0c577e
tree	svc_intent	domain.cert_files_are_written_atomically.yaml	bae558d86af01596290a408f34425a1c32a2bc5ebd6e8f0e1943843cc3752112
tree	svc_intent	domain.certs_distributed_via_etcd_not_files.yaml	c9ef3ff255fdbaca00e91ed45e827a8fa036168c1da5ad0120ea20001eba194a
tree	svc_intent	domain.dns01_challenge_waits_for_public_resolver_propagation.yaml	b2acf80b8e650a7b42fc58836d7e72be79ce140deb762778b53e9d2a5a2be05d
tree	svc_intent	domain.leader_only_acme_reconciliation.yaml	14efcf79cb668bd2c3e40b0696f961f09d5941553f1328431d68866a741403f5
tree	svc_intent	domain.spec_is_etcd_authority_for_external_domain_desired_state.yaml	40a4aa5c617576421930cd0bd7eb4db060ed565dba0b592c6965778cf049b55e
tree	svc_intent	echo_service.echo_rpc_returns_input_unchanged.yaml	06e7e4378655d3ae352e63c83c843cca02a833cd143591fc687c9db8f05928ae
tree	svc_intent	echo_service.echo_service_is_minimal_grpc_reference.yaml	ab7e163120431bf1c479d4f6c3743e3fd6efe1def569f5d9398b42141f8e53c7
tree	svc_intent	etcd.is_source_of_truth.yaml	0923899f7820d93a2e3421adc1f73474c454eff2229af2eb773b06dee763404f
tree	svc_intent	event.delivery_is_not_guaranteed.yaml	0deab38a0dd550e783e7dca9ea6866cd8b260220dcc7defb60c3a5ed7edc1a5f
tree	svc_intent	event.pub_sub_connects_observability_to_action.yaml	815b63b5dfdbfc57a6a6753ff8537aeb3448f9dc6bed3d9b6e67cf8746db82e6
tree	svc_intent	evidence.provenance_trust_levels.yaml	fa05eb94126a2372b06a14b030ef4823895ab92d4313a92a527e531d1533826c
tree	svc_intent	frontend_and_admin_are_clients_not_authorities.yaml	2c2e43c64b4676be24c26ea181c35ad2bf57e502cea6a3a9b73390117fdb112e
tree	svc_intent	globular.security.ceremony_over_configuration.yaml	8778b7357d499c270712a3e4974572bde48b6156d4e8f514ef9c83474da5ad69
tree	svc_intent	globular.vision.ai_operable_cluster.yaml	8c9c11fc43db08e2fe82b545bfd2fdfd57411aef470a8dd4bf3ee988e1888746
tree	svc_intent	globular.vision.explicit_convergence.yaml	44026da09aced88634794b9f773eae322674e5865e215dbc2ce96db4b6bb4f6d
tree	svc_intent	health.requires_fresh_evidence.yaml	b3dadfefd9021adaad7a81d13353b89f58c97cc4c1b8ea2183243b5cdfa0a72f
tree	svc_intent	infrastructure.dns.authoritative_discovery_with_bootstrap_boundaries.yaml	a2e412798f2a9217b394a85344beef71e21e73f17d9028da19cb90abc178c561
tree	svc_intent	infrastructure.envoy.service_mesh_data_plane_with_xds_authority.yaml	49b26b51e62c4a260e490cf9465a52735be387826654abde68e9340b83c77cca
tree	svc_intent	infrastructure.etcd.quorum_backed_config_authority.yaml	57e81b34a030d4427d90813199fcba03c2e3dbb8858db2924c1a1d0b5a2860b4
tree	svc_intent	infrastructure.gateway.ingress_edge_not_authority.yaml	907c6424e1514bee0804bcfde1aeb11d4b5233ff9dfec49803cfa8e5eb283cfa
tree	svc_intent	infrastructure.grpc_backbone.services_clients_interceptors_contract.yaml	ec60249189383efee555421f25a76b69404a437c1066c2d95e5f24728ccef994
tree	svc_intent	infrastructure.ingress.external_domain_tls_termination_and_control_plane_boundaries.yaml	f78605a2a00a8bb0128426b4315584de174a6f6edcd6cd037db3e847e0845abf
tree	svc_intent	infrastructure.installed_artifacts.runtime_layout_and_authority_boundaries.yaml	4b53ba152863d75d12291790589038d103f1a6b9bb1a36fff82a653f306af3b1
tree	svc_intent	infrastructure.keepalived.vip_is_routing_not_node_identity.yaml	b66edd0cd9088923ca80aef0d4dfa324b0cfe78715ca99599589c5a2c5fdce0a
tree	svc_intent	infrastructure.minio.objectstore_contract_and_topology.yaml	58615f7b782f4fc4106f44a2fa01f19eb9cb34d3455db6457c04fc501d6a54aa
tree	svc_intent	infrastructure.prometheus.alertmanager.node_exporter.observability_substrate.yaml	f3c401d5d3d901ede185f0a5af9921e57d354ac32962b55efc945fea4a1af737
tree	svc_intent	infrastructure.scylla_manager.backup_repair_orchestration_surface.yaml	0e406e411fde95ad0b4056daf47e60718d1619037dbcd032a5d3e5316de61c72
tree	svc_intent	infrastructure.scylladb.quorum_localdb_for_control_plane_state.yaml	167b5ba62803209d6eb79958412c623f56654d0800fbcf05e0cefcf4e89aa1a7
tree	svc_intent	infrastructure.sidekick.minio_auxiliary_must_not_be_identity_authority.yaml	bcd6d8bff0d5689dbb04fce7dac92caf3816c2f5207b06db3f20fb498c6a3e4a
tree	svc_intent	infrastructure.xds.control_plane_configuration_contract.yaml	eac996a9d62c5ce2f6805ea8490ac9a2860ec8875948d48e06579d60ceb7e78a
tree	svc_intent	install.result_requires_durable_commit.yaml	d6aa6698429ac9c08f1efcb54769f3b14a396f8d5707e32f6cc9fc90f974c733
tree	svc_intent	installed_state.owned_by_node_agent.yaml	136e9173bf30f8572b39cca1690a6170713a42ffd1312e1e9c89913a0ea5e7cd
tree	svc_intent	interceptors.bootstrap_gate_is_four_level.yaml	44651ea7ef2fbc23328a1a8d0043d082ea506bf1a508cc0f1682ca48ca26dfd2
tree	svc_intent	interceptors.call_depth_prevents_circular_cascade.yaml	af76b3ff54ed2e897f618812cfb3c1cd23a794d8f9005e125467a75fcfba53a7
tree	svc_intent	interceptors.chain_order_is_load_shed_first.yaml	da08f01ef77864d1215cda98eca01e4cd00ca82d1e70170c191ccadda0bd102c
tree	svc_intent	interceptors.role_binding_fallback_uses_local_cluster_roles.yaml	6844b41af3b0bdfc040be3ef70b0090ef8b97896e347c4b92042ce860ef519bc
tree	svc_intent	interceptors.unauthenticated_allowlist_must_be_minimal.yaml	603b673ac596ae7b81a0bbf8c67dbe36e9da4524781ed18c3b5c3c49b70750e2
tree	svc_intent	inventory.missing_means_uncertain.yaml	9a08d19ccc4fb0915729f9b17110b998b6ebb5dc55497d4c82551dbe2b3c8c47
tree	svc_intent	join.ghost.cleanup.yaml	75a973a91937332f68395156d9893407af7eb4423a8ad6b5b22464c193a96a83
tree	svc_intent	join.token.validation.yaml	791a2366fab639a02569c599da64e51af24139cb74b2dde9009cb96f188bb76e
tree	svc_intent	knowledge.promote_incidents_into_graph.yaml	3e6ef4ff98a07092d9c0b0a0b865483e11e6912225717bb6dc42e31a1944db0a
tree	svc_intent	local_success_not_global_convergence.yaml	171d4b9194fd972d4851c0f3c5a10ff7043476e7db2110887c0096b7c6563eaa
tree	svc_intent	mcp.aggregator_routes_via_etcd_discovery.yaml	36ffab9dbb0dbaad50439225345ce8dc1fff45237035b578f67246784f0d7334
tree	svc_intent	mcp.governor.plan_validate_approve_execute_is_only_execute_path.yaml	7c5ae9a6fddc391c7592a1c4fafb6a41cac6b7f4724218e1baed8f02ea8928a4
tree	svc_intent	meta.quorum_is_quality_not_constraint.yaml	98c152e2c0494cf321035101cc31a87d5878dc09bb2c0b438af8418e59de0749
tree	svc_intent	meta/audit_history_schema.yaml	9de49088450c009512748b33b4f90c8fd7b16e00af7d998ec1cc379f2c1e17ac
tree	svc_intent	meta/change_risk_classifier.yaml	890cad9bbf2a915027acbdb591eb4e8f63aa4733d66da4caead2096ada95da73
tree	svc_intent	meta/intent_requirement_child_alignment_contract.yaml	a5dad804444656bdf01d43800921c4baf16c257a4f0d52a01980f98e41845f1a
tree	svc_intent	meta/runtime_evidence_schema.yaml	b28a884731c208cb25fb0da10fd922d4aa3afa8d4533feb0e41c682dc245bfb6
tree	svc_intent	missing_state_is_not_delete_intent.yaml	1f809dff9a9d644c6f4929b20c324a942ad25e5d324b04404148d8570676e766
tree	svc_intent	node_address.mesh_name_for_routing_explicit_endpoint_for_backend_peers.yaml	7fb10356363d358e98a123f053fe8fc50f9d0b741199d765863bde0d5ae81b9c
tree	svc_intent	node_agent.destructive_member_wipes_require_controller_prep.yaml	8e4f1df02610a1294c01d1c88dd5b5c95d786785773529cee806607fd3cbad0a
tree	svc_intent	node_agent.install_claim_requires_binary_proof.yaml	bb6eeae9540911b72c2dc9cd7bfa06dd85233a0e534df85a7cd138fdea8c521b
tree	svc_intent	node_agent.is_executor_not_cluster_brain.yaml	c434ffb90cd57464f714b2c2adacd73d40c8ba6eefaa1572f6ad8abf9f78b319
tree	svc_intent	node_agent.systemd_unit_control_is_allowlisted.yaml	e3ffab10b6b096b9791eb156a3d3b175bd8a73f598de2a49ff879e1e392b0dd1
tree	svc_intent	node_identity.hostname_ip_for_membership_domain_mac_for_other_axes.yaml	7443432b799824deafa58bcc0fa07ad5ca3852e4a5511b14224d4c376b660080
tree	svc_intent	node_recovery.fence_before_destructive_reseed.yaml	27866675230525ab7b67ec8a99d433b3bdeb4f1ffe2aababd446c875b8120a87
tree	svc_intent	objectstore.destructive_changes_require_approval.yaml	ecf888ef9df9bedb56e447a360a282a4e96c202e61a3bb37648a702cc8ad980e
tree	svc_intent	objectstore.topology_requires_contract.yaml	832f8d5abb2925cc18bcd3078df169558936f649b15b53778a9469b9b178c4b0
tree	svc_intent	observability.must_explain_cause_not_only_metric.yaml	87dfda721a6afb26f232a29ef7173387803c591f11c1d76b8ac05903047641ac
tree	svc_intent	operator.override_intent.yaml	1504655137448af2157f68e58023cefeed82ed257642b5fc3dfaf19853f2968c
tree	svc_intent	operator_action_requires_explain_plan_verify.yaml	3a8da6cd237cef9f57167ae1e6db8585c423fa3314991a989ee6fb9abfb5e6c5
tree	svc_intent	package.identity_requires_build_id.yaml	57ac6bc03db59c1ccfb19e763901fb4b2a9702c2b902833f493fc404a35b8ae0
tree	svc_intent	package.identity_tuple_must_be_unique.yaml	dd5b724dcd35529d241d805f66771c91197513ec5508af1e3794ed0cf8f8d628
tree	svc_intent	package.release_authority_is_rbac_native.yaml	b903da18a0fe7177f86dd74d12e969a9f9320057fb7796adc8ad48f7852545d3
tree	svc_intent	package.release_vs_dev_channel_boundary.yaml	db31ff5b69b7d2da4e072d671785e26af35c62a9c97105491aa1925628018f85
tree	svc_intent	package_repair.must_preserve_security_state.yaml	4cf4a94abc448d164787630f5f845d785eed846bccda48d28091a1b7ae5cc66b
tree	svc_intent	pki.ca_deletion_requires_audited_approval.yaml	3c1f7f10638d46cc3ae209894984f0571809d868f7736042df5326a9752d9412
tree	svc_intent	pki.ca_files_live_at_canonical_path.yaml	4c07904cadb0d7a42d691689a272a0d79c89b40312e5094ef91b54ae9ee0e22d
tree	svc_intent	pki.ca_metadata_mirrored_to_etcd_for_node_discovery.yaml	5fb5ba6ee939373d047231234dc6622956002490e5129e317bbaefb1b27dd318
tree	svc_intent	pki.leaf_cert_rotation_is_proactive_not_reactive.yaml	158bdde5f9a28309c5e286f1ab8cd34892d52823ce312a4a8656d551de02f06a
tree	svc_intent	pki.peer_and_server_certs_use_separate_issuance_paths.yaml	7291caffc1cb44ced170226124030067212c0fde1374fe8feb54418dfbcd6a1a
tree	svc_intent	pki.san_must_include_all_service_identities.yaml	bcf9191d760a02b2080d1de57dc4abb2e81ee068df12edfc2333d174d828f04b
tree	svc_intent	platform_status.is_contract_not_vibe.yaml	5c3fcda69fff1d52dec28f179bae52d3954eadca14342724614b41bfee73bff5
tree	svc_intent	profile.intent_is_controller_owned_placement_contract.yaml	e58a51cf24f57e362f4a357021f21ed4fe47dc32c7d3ac26d775ba16a82d6a78
tree	svc_intent	quorum_safety_before_storage_mutation.yaml	f60b45ef7105eddf9365e9153d7c316664d3ace5844fb8188bde5c38551ec898
tree	svc_intent	rbac.permission_changes_require_audit_and_owner.yaml	5517862de9e4814ea3563974828923b0fe0a892bede42e89ff062e956a21ab28
tree	svc_intent	rbac.permission_resolution_walks_path_hierarchy.yaml	be617e4416e48d2e6b8befe9a4e148f3134225eb09ce0fdcc201fbbd6c673b4f
tree	svc_intent	rbac.service_excludes_self_from_interceptor.yaml	762d8fdb46f28d747459446b1ccc1ad16cf898b30db50ae896144dcc07e1ebdd
tree	svc_intent	rbac.subject_id_normalization_prevents_bypass.yaml	f843ca90bffd2c75bcac91263815b446e8dbdb401b1a2de6666eb77955eef8d9
tree	svc_intent	reconciler.resolution_must_match_spec.yaml	bc70876133dcd8afb04c68782b6e68609760556675ac21e73b9eee704cdd04da
tree	svc_intent	reconciliation.must_be_idempotent_and_bounded.yaml	70dede275ff891974c344a44754a23d1d07c628cebfccffe7ea3a0ea528c5601
tree	svc_intent	release.bom_is_precise_release_authority.yaml	df02370ebfefea44b9dd122500f109c53e436f1fd876fb8bc49eccc206fd5d39
tree	svc_intent	release.noarch_artifacts_are_first_class_in_sync.yaml	46c1abc2546351113fb1310fe95b9e4fb51a788b93d0164aafa27be93d014bd1
tree	svc_intent	remediation.failure_rate_policy.yaml	2a8ff9609459d67e2391efddc0488d759e585c8b322ab6d43d9db3483f9881cb
tree	svc_intent	remediation.must_go_through_workflow.yaml	be637729dd216c2d97e7537e8c01ab8928fe3768b5b5a21b356f1de4745a03db
tree	svc_intent	remediation.token_contract.yaml	b6dfd560af4d249c1b35e3d5cf1cd8353d8da2d76731f10c7c22ae928e41b5ef
tree	svc_intent	repository.artifact_authority_matrix_is_enforced.yaml	a4a76d82f9cd92780c165bebec7453bb358dd0f9ff5ea505983859ba65cc9fa6
tree	svc_intent	repository.build_number_collision_is_corruption.yaml	2823f75c9f1c3efe1691cb3b2e47c3d947ec586fd544e552cafeaa418262d0bb
tree	svc_intent	repository.gc_preserves_safety_states.yaml	09125105c265443db55e3f5607735ebae7d2ee325bc4160c1ada64620b5b69aa
tree	svc_intent	repository.identity_doctor_reports_collisions.yaml	759f2c5cda1fc8769a3a377cbc4fc80b27e4aa64c15cf20f5410365f92cc8abb
tree	svc_intent	repository.is_single_version_authority.yaml	2b4d6ac0928922680f2d99de65020b4b3bd26c61101c11622ea7d03c2c298969
tree	svc_intent	repository.lifecycle_state_machine.yaml	c15c05b6f65efd0a6463a27771cdda8fabb9f7271b8133e7e5d89995dacb52aa
tree	svc_intent	repository.local_cas_is_installability_authority.yaml	029d01f045bf9f25b2773f7527cba0b4c53f49ec0b8e063a9d0e99eafeb51828
tree	svc_intent	repository.metadata_is_authority.yaml	792626b27f6d02ff1c65209c6f1d496557f92980fe4d8e580799d6d94e79acc9
tree	svc_intent	repository.minio_independence.yaml	e695f05d7c309e8ee2161ed83c5bfc5831a0951c811c188ef779af7b8d8f24b1
tree	svc_intent	repository.namespace_ownership_protects_reserved_prefixes.yaml	68811b8f10a331ef81c144fbf9ab2bd337f9bac2663e168b191d8dd36f274e19
tree	svc_intent	repository.publish_is_idempotent_by_digest.yaml	53d63bcff644746a6bf9db4bdbe2bce85f7780e1c6f37d43baa51d39bc0fdad2
tree	svc_intent	repository.publish_pipeline_is_ordered.yaml	cfd76bd1392a527b5323de735c91187bb05ae05afcd4a7b5abdce761a55e886d
tree	svc_intent	repository.repair_is_explicit.yaml	dc84aeb91e382d7fe216589302160f7befc2a9ff675f8cd972da4adbca429676
tree	svc_intent	repository.repair_uses_existing_build_records.yaml	fd54b3acd0cce1d264617e15bde59417f17745e707cf5f0dc2f912a0a9a1eb04
tree	svc_intent	repository.resolver_is_deterministic_or_errors.yaml	2ef8895e10709ab0a742ecbf390c3c4fecd15a6db2988acbf5dd459783fab37f
tree	svc_intent	repository.revoked_key_is_unconditional_veto.yaml	4eaf686a7da8c66bc35b1de8389f26a4bc07bbf71c966ee8bd8e7ae278f45ab7
tree	svc_intent	repository.signature_policy_gates_trust.yaml	a8403824d5f41652b47cd9ce7be1e24deea8e78cd373841380802493bc410160
tree	svc_intent	repository.version_allocation_is_exclusive.yaml	bdc2f2e1edfeeb463a78aac088e17c130726d984bf785fd3f88b140d5360454e
tree	svc_intent	rollback.must_be_operator_chosen.yaml	710ea2ae74f62ec25b22ae9372b99c0db27af918e95dc21f289bd195974dc2f4
tree	svc_intent	runtime.identity.requires_proof.yaml	614b389b3a1de65d6a6eae994596190442c573ec15ac1e9205f3d639c1703830
tree	svc_intent	runtime.identity_attestation.yaml	ca22e89a02ab71c644e4d138cfbe5572c0e2a629c76a8e06339a76fa43c34d37
tree	svc_intent	runtime.identity_requires_verification.yaml	73a82b44ea0e4c7fe32c08b064dfd8b4564712579b20a3cf21390fb6fbc585aa
tree	svc_intent	runtime_health.requires_live_observation.yaml	cd34dc2a1816dbcc8810e871047a12a3d4a58fc6da190deddf3b96b40515d4d0
tree	svc_intent	runtime_observation_must_not_mutate_desired.yaml	0ebdc7abdcbaaf4e2707b93e99b422db324d2cccb8243ae9b6c5588dcab417fa
tree	svc_intent	schema.migrations_are_versioned_and_reversible.yaml	ce79058e4e5c1afa74bcaa0f6072d4f6a4196ccbe5f52734319d956e5477e4a8
tree	svc_intent	scylla.stale_ring_membership_must_not_block_rejoin.yaml	211c033e45f5829af1027f8abeb2cc1f9aee8b7ccab08586b9584ec60d1a1268
tree	svc_intent	security.auth_context_is_canonical_identity.yaml	7e447889d372033f291d3fe6aefaf6c61783b4ca34f481771d2a3383d265c10a
tree	svc_intent	security.cluster_id_validates_request_origin.yaml	dd6034f814601c0f1436172d45051f136152ff677d97b735857a796c5c51b287
tree	svc_intent	security.cluster_init_transition_is_fail_closed.yaml	3178b0ce703b90a549a6b81a857e9b18481af30af4e099ed9c75806dc9c1688c
tree	svc_intent	security.deny_overrides_allow.yaml	414d378884568afe12e224d63c346a966d01c6f71b77465a3b84c71c95be33ef
tree	svc_intent	security.node_principal_is_scoped_to_own_node.yaml	9b26e5cb7d5428e4c78adbbcd9790c3ef30a0b0b023e78008d983ca11ca75c3d
tree	svc_intent	security.path_canonicalization_prevents_traversal.yaml	7fa42cbd0ac57d381bf6bc4997996b5941852b1913fc17742ad5beb98f9b6653
tree	svc_intent	security.tokens_certificates_keys.cluster_trust_contract.yaml	22fee3f1d3ab47010d65a8f00630cda4d6a3fab54b94d9b7b3b15d01b4b4494f
tree	svc_intent	service.dependencies_are_declared_contracts_not_start_order_guesses.yaml	f0eacd3195146aa934b9bfdaa8aca42cfc3b79991983b1409966c0cdfeb96349
tree	svc_intent	service.dependency_degradation_modes.yaml	88c00a7a8108fe9f6db5562f6f7301334a5e5ecf38b96e5afa67129ca8ae9fb9
tree	svc_intent	service.installation_is_not_runtime_truth.yaml	53b32e09e30872b8ee710d32b691283f26abdd525c906705bce966ab4ce1148e
tree	svc_intent	service_hooks.integrate_with_platform_lifecycle.yaml	a9b7c04039110b06afa2b7ca961bf321e3600118da8ebc771fc645ef0e298a00
tree	svc_intent	service_registration.must_match_runtime_and_repository.yaml	d4c498539466fc9f3e6285e5457f9c343e8946392b09a52a9c45ca6ca316a98d
tree	svc_intent	service_version.generated_source_and_build_injection_contract.yaml	3ee7cac10fff09c4d78b7441488e3be8c8faa4ed5451e908581759600ae0594e
tree	svc_intent	state.repository_desired_installed_runtime.yaml	4240b837389ad3a12701499359ac11f16a8d97640afe6b250f46c8d23d1bce56
tree	svc_intent	subsystem.boundaries_define_authority.yaml	aa3703547e8b138ec42528aa6dd1e0d4395f87703a83ed22929d1b6bbd71b76d
tree	svc_intent	torrent.is_optional_optimization_not_critical_path.yaml	683446c749cc24e9b18927d682fcf5a27d550f6d6e0dba9b1fa6d5ed5127c413
tree	svc_intent	upstream_release_streams.must_be_provider_neutral.yaml	1720b145ebe0e353de916d51fa14237352504ed38591f63c4415dfd563702cd6
tree	svc_intent	version_identity.upstream_version_is_package_version.yaml	2fbd28b86f9cb7ac90cb2bdce6372e9dab2e576b84c168efeefc4fd2acef195d
tree	svc_intent	versioning.monorepo_version_is_not_package_identity.yaml	1041aa7da1c12177286f14c879dbbbc543ff2e60d3135238911715d40af336b2
tree	svc_intent	vip_management_requires_explicit_owner.yaml	5577debd288093dc35e35795dc5da1f99c7c5955f29045fcc2fc7469c2c67e62
tree	svc_intent	workflow.backend_health_gate_before_dispatch.yaml	6920060893edfefec977fa5c57526f9a4003a4e277f9fa345e68ce72528b1ba1
tree	svc_intent	workflow.cluster_invariants_gate_mutations.yaml	451669ed3789cb1fc05e97a021d25dc87e77f5db038c40eac8304144fb512f12
tree	svc_intent	workflow.compiler_rejects_cyclic_dependencies.yaml	c036305749de89af56929970e3d2083bb10007a197445e4ebcaee5a0fe78dc50
tree	svc_intent	workflow.definition_loading_is_etcd_first.yaml	807b3b3a87771f5dce116b16fdd05730c71951a2dcbf66ceab231491d0e8d671
tree	svc_intent	workflow.four_layer_is_template_instantiated_per_artifact_node.yaml	e6aed0ae04527de6b75d735c143754afa2a71db56356150df74a02be43a175b5
tree	svc_intent	workflow.infra_desired_hash_must_carry_schema_prefix.yaml	9ee2dfc17980eb42fb1d4017c8e4865b810967a9b450ec6cfdad36dae32d2e8e
tree	svc_intent	workflow.orphan_recovery_skips_terminal_steps.yaml	54ea2f4520261eebc41bbbfdc42914c492d00744ef92810c62b6faa47b5ac3d7
tree	svc_intent	workflow.preflight_validates_all_actor_action_pairs.yaml	0364d42c279f3dc627d3f79cd2909685085352d0457099a7f3fe35567875b8d7
tree	svc_intent	workflow.remediation_truth_consistency.yaml	0dea59a17b8ab568df92374e96ecf04c3150d5757a75110489bf7bac84fb3cc9
tree	svc_intent	workflow.resume_policy_verifies_before_reexecute.yaml	19937f53e6a0570cf8d28e5317a01ba4b404d67b6ca894dd650fbc5388fb15bd
tree	svc_intent	workflow.source_of_operational_truth.yaml	4bc4ae554965c6d81f515a7f834687764544b8c1bba56645223536086075ede8
tree	svc_intent	workflow.step_receipts_are_evidence.yaml	83a03e8bffb67ef48baced697fd20fe33c9b5ee79f06e0dec27d0dc994475862
tree	svc_intent	workflow.terminal_runs_must_be_bounded.yaml	2ac49f7f39e6181691bb117f990138b8ba7349ee8b56be0a6d7b4937e0dd1588
tree	bench_contracts	missing
tree	learning_events	missing
